time_s,pressure_signal
0.0,0.00010352373632081346
0.001,0.03852558214420504
0.002,0.014420588690678773
0.003,-0.008560957282908576
0.004,0.014964789112200156
0.005,0.007529641610135863
0.006,-0.00853019638747383
0.007,-0.006647532525074716
0.008,-0.006575762971423189
0.009000000000000001,0.003106273207007941
0.01,-2.7987120711765387e-05
0.011,0.013028374747423913
0.012,0.014076217239979321
0.013000000000000001,-0.011250371401107765
0.014,0.007426579143203524
0.015,-0.012671234874958952
0.016,-0.0006242442129593172
0.017,0.02382409321340232
0.018000000000000002,-0.006799180105451243
0.019,0.014613575180934521
0.02,-0.03347400746943403
0.021,-0.020843645357751957
0.022,-0.0029751589895682775
0.023,-0.006391119618660137
0.024,0.004984950736555797
0.025,0.02443195441507761
0.026000000000000002,0.01205590035929097
0.027,-0.008168560628970924
0.028,-0.017588367038296644
0.029,-0.024128192681889454
0.03,-0.029910865524072912
0.031,-0.04287017787731953
0.032,0.007385066004797379
0.033,0.022388858613308766
0.034,0.009018513313747558
0.035,-0.0028462464677884236
0.036000000000000004,0.019647974029580836
0.037,-0.019367157418741184
0.038,-0.021356931020797255
0.039,0.014490201276101117
0.04,-0.012085311083215576
0.041,-0.010986566476058921
0.042,0.030103852574472723
0.043000000000000003,0.0038263367122763382
0.044,0.01975535183953856
0.045,-0.010838409752735714
0.046,0.016411957122885554
0.047,0.012454254241414662
0.048,0.009254059297494522
0.049,0.016133758943153605
0.05,-0.003184825541172563
0.051000000000000004,0.00699598013173422
0.052000000000000005,0.00612420504761117
0.053,0.018770234777950718
0.054,-0.018815609888676494
0.055,-0.00391145750335606
0.056,0.01446056107781558
0.057,0.0389795491027164
0.058,-0.021496467408900554
0.059000000000000004,0.034140882296111535
0.06,-0.006292077741941429
0.061,-0.0064413971579940724
0.062,-0.014292307428821746
0.063,-0.0032825980776472136
0.064,0.036791766856091986
0.065,-0.003752725249241721
0.066,-0.03083014669426092
0.067,-0.012075579035181735
0.068,0.0309248180826027
0.069,-0.028431639157464418
0.07,-0.01001983860207157
0.07100000000000001,-0.008344323698397313
0.07200000000000001,0.02268023318872527
0.073,0.0213420721322697
0.074,0.027342123189180317
0.075,0.028507019467420083
0.076,0.010556812815389779
0.077,0.011678543947048325
0.078,-0.03308127338500147
0.079,0.035856291592145595
0.08,-0.00708480038440315
0.081,-0.006735205544600944
0.082,0.0014584435819974622
0.083,0.0023704862844152732
0.084,0.03725206883002858
0.085,-0.03303158945146022
0.08600000000000001,0.006210724643834943
0.08700000000000001,0.029928332473487966
0.088,0.0015186576819856373
0.089,0.0005136581343366739
0.09,0.03776138150027005
0.091,0.009980853553243244
0.092,0.02510512889750209
0.093,0.05379172771765832
0.094,-0.003855763528954722
0.095,0.012388904424987059
0.096,0.008487730593900926
0.097,0.02108448311129494
0.098,-0.027379556906943308
0.099,-0.01845076309803869
0.1,0.004878997033027112
0.101,0.024772162799231612
0.10200000000000001,-0.0045324010043040095
0.10300000000000001,0.014384907877896348
0.10400000000000001,-0.019483193965445955
0.105,0.020098611810737563
0.106,-0.039781001397801455
0.107,0.03801829395566225
0.108,0.00597477550201999
0.109,0.005349221677858649
0.11,-0.022044193504036975
0.111,0.025092543226623333
0.112,0.011994864277320504
0.113,-0.005083934037647511
0.114,0.026977616601879008
0.115,0.014940312970672569
0.116,0.005491194203922318
0.117,0.015490130274050289
0.11800000000000001,0.00015108734502323248
0.11900000000000001,0.025456217313613985
0.12,-0.035511148913586
0.121,0.01325348493795265
0.122,0.018525330207366766
0.123,-0.005820379829954732
0.124,-0.024475079763243427
0.125,0.006412157516954586
0.126,0.0033077438113699505
0.127,-0.008340949067186156
0.128,-0.021456537754403263
0.129,0.012394439703298645
0.13,-0.01353376767452776
0.131,0.008509727639918696
0.132,-0.006493808935789486
0.133,1.883369237543151e-05
0.134,0.027613664302867397
0.135,0.030334084400677128
0.136,-0.035724567479568786
0.137,0.004642265053496282
0.138,-0.022456057346053698
0.139,-0.018634334769179743
0.14,-0.014501897563107031
0.14100000000000001,0.04127852366383752
0.14200000000000002,-0.031458470551215936
0.14300000000000002,-0.01477648725330132
0.14400000000000002,0.007862079543897147
0.145,-0.015761887229360966
0.146,-0.016362795522838484
0.147,-0.005175467881519282
0.148,0.01933098040702743
0.149,0.0014110464816790484
0.15,-0.0016584708843118002
0.151,-0.007105843113067253
0.152,0.006136995999146281
0.153,0.041818992887649314
0.154,-0.025952947944186427
0.155,0.003051403260793893
0.156,-0.011857499289009693
0.157,-0.021127554475356723
0.158,0.028391773939497576
0.159,-0.02135570607054667
0.16,0.026059164842309895
0.161,0.020999781071986794
0.162,-0.024155376127800963
0.163,-0.018852517530670257
0.164,0.007557554943564648
0.165,0.011544975149832772
0.166,-0.004880374053031769
0.167,0.009048952761634508
0.168,0.03438201709857876
0.169,-0.0009981752327186042
0.17,-0.003399189132582467
0.171,-0.0019207339034859818
0.17200000000000001,-0.018578174789238896
0.17300000000000001,-0.014582753898751334
0.17400000000000002,0.01069097109600527
0.17500000000000002,-0.021470121304512986
0.176,0.012950330137511831
0.177,0.007886549053482296
0.178,-0.007587737451307383
0.179,-0.023544071522648997
0.18,-0.0033073338020470095
0.181,0.0106715923752133
0.182,-0.008597124309268282
0.183,0.03464531975466049
0.184,0.0012173788577785052
0.185,0.019745257865889657
0.186,-0.0014430820551425887
0.187,0.03621964276130232
0.188,0.011776892386382225
0.189,0.018493108952342182
0.19,0.016127816194312524
0.191,0.011241574360692872
0.192,0.027510881989376474
0.193,0.020567340924855772
0.194,0.018424278627269256
0.195,0.024992565199479386
0.196,0.01209821282043685
0.197,-0.03148384312646633
0.198,-0.015675219759251905
0.199,-0.0030134338899365353
0.2,-0.0011608767969887017
0.201,0.030260903933755905
0.202,-0.00697957685682285
0.203,0.007607591013706546
0.20400000000000001,-0.0025334735205240436
0.20500000000000002,0.006316841857982307
0.20600000000000002,0.06874289660811245
0.20700000000000002,0.014524924743599217
0.20800000000000002,-0.007573181560372186
0.209,-0.009625471675748053
0.21,0.007387072842349135
0.211,0.01644731575370862
0.212,0.022396138192591467
0.213,0.03841979267678179
0.214,-0.01576718086055186
0.215,-0.0303361568210822
0.216,-0.008560248035513269
0.217,0.013419568104683147
0.218,0.004472181271063785
0.219,0.022855067666058028
0.22,-0.006313738681900185
0.221,0.010333254535032952
0.222,0.000607409562411846
0.223,0.02402500633162088
0.224,-0.0465719712512824
0.225,-0.012209792793494293
0.226,-0.006776609087170905
0.227,-0.012863867365952814
0.228,-0.0041826135172661795
0.229,0.01051659990182716
0.23,-0.00018738425472455966
0.231,0.007618760327053289
0.232,0.01193131748773824
0.233,0.03219657273946966
0.234,-0.007818681959943233
0.23500000000000001,-0.004413826168072755
0.23600000000000002,-0.01561530384441594
0.23700000000000002,-0.002415633819361915
0.23800000000000002,-0.042557828618376606
0.23900000000000002,-0.020644464585658544
0.24,-0.009413932536752413
0.241,-0.00319366861266846
0.242,-0.007923942593844619
0.243,-0.0011255167506069468
0.244,0.008323195428906438
0.245,0.03884964702838341
0.246,0.0022807490602187314
0.247,0.03622009506935662
0.248,-0.026326776581277286
0.249,-0.05698533837301355
0.25,0.0183469174143462
0.251,0.014734845365270702
0.252,0.03106041541251952
0.253,-0.034715010866121984
0.254,-0.021878551915067563
0.255,-0.035482096334454635
0.256,0.002482490684759053
0.257,0.016304651820594037
0.258,0.01024803884649975
0.259,0.020275370848744975
0.26,-0.022174978602368688
0.261,-0.013192539661460917
0.262,-0.010520123034371148
0.263,-0.003364970510378082
0.264,0.012646201645680186
0.265,-0.007588166670222329
0.266,0.0044612854364946735
0.267,0.021706907970467666
0.268,-0.007497340790938844
0.269,-0.039633658594632436
0.27,-0.01706241716685846
0.271,0.005418527000002838
0.272,0.012594176817692083
0.273,0.016475934105476323
0.274,-0.01647612738787874
0.275,-0.02794782183462786
0.276,0.0035511727703979312
0.277,0.021176231598885896
0.278,-0.01287434819277624
0.279,-0.005653282764366191
0.28,0.008249745706748076
0.281,-0.028456313509311368
0.28200000000000003,-0.02732312012359019
0.28300000000000003,-0.039760822328835724
0.28400000000000003,0.011120214190080881
0.28500000000000003,0.027123990244212276
0.28600000000000003,-0.008777067823932592
0.28700000000000003,-0.0044146372584667175
0.28800000000000003,-0.019142170089003055
0.289,0.020190761183039006
0.29,-0.032479570914427026
0.291,0.0259105235289141
0.292,-0.034177767237922964
0.293,0.03325461983048802
0.294,-0.022449963710907822
0.295,0.0029636173459526463
0.296,-0.03217541337620599
0.297,0.021995192340319897
0.298,0.0022514242169541757
0.299,-0.006284094087638992
0.3,-0.007533092389650213
0.301,0.010642807110561188
0.302,-0.016770693987088768
0.303,0.02206458128068477
0.304,-0.033864774114258
0.305,-0.0018886881443122504
0.306,0.01002703660611353
0.307,0.01121794762883278
0.308,-0.042884057275969154
0.309,0.0017973809950056793
0.31,-0.002436020453292095
0.311,0.013805425017481564
0.312,-0.02069027465229031
0.313,-0.0026023982527577883
0.314,-0.006451155758441727
0.315,0.04962210616643309
0.316,0.03562520273474935
0.317,-0.006598459089594245
0.318,0.04115548632544814
0.319,0.013604159795964283
0.32,-0.04323005594148711
0.321,-0.014848278339483816
0.322,0.02897274799220474
0.323,-0.006078751809417859
0.324,-0.015485795643898317
0.325,-0.014532704799185527
0.326,0.00530402751851638
0.327,-0.03705282599531712
0.328,-0.022706658336724247
0.329,0.02261913938034628
0.33,0.028745472024290755
0.331,-0.01588013850384498
0.332,0.022742350086789757
0.333,-0.01961016214096419
0.334,0.01902865799185872
0.335,0.005002037422849365
0.336,0.019011291456486983
0.337,0.021481758426204756
0.338,-0.02148097677225298
0.339,0.027740042983649876
0.34,0.02323170255706985
0.341,0.0012918341036499967
0.342,0.024873131765751743
0.343,-0.026656978639727238
0.34400000000000003,0.031972987540391504
0.34500000000000003,0.009373746271444747
0.34600000000000003,0.007824707090893982
0.34700000000000003,0.005095822498177601
0.34800000000000003,0.023676307124709712
0.34900000000000003,0.03207254126535638
0.35000000000000003,0.005075222850168275
0.35100000000000003,-0.010964810397246243
0.352,-0.01975705462419369
0.353,0.017361432007286084
0.354,-0.03408141131329185
0.355,-0.014643604728428143
0.356,-0.017382006015590142
0.357,0.04462095577858535
0.358,-0.014996312006734996
0.359,-0.0043838920863763335
0.36,0.04718777405330216
0.361,0.0005968141045159959
0.362,-1.6089411409210466e-05
0.363,0.03259735821906813
0.364,-0.003701150120893894
0.365,0.0007772278230991679
0.366,-0.009600747486718318
0.367,0.0015297198244810305
0.368,0.014887899469747074
0.369,0.019729149873241748
0.37,0.017841627294143667
0.371,0.018253300345109424
0.372,0.008071259141171308
0.373,-0.003794045714476541
0.374,0.045321173051732784
0.375,0.011391487903273474
0.376,0.03339481997859606
0.377,-0.007216598147635832
0.378,0.012633908588747739
0.379,0.015354306134529164
0.38,-0.02531549438011932
0.381,0.007623933097893359
0.382,0.01303192717800964
0.383,0.00579450178976427
0.384,0.012368038746531468
0.385,-0.018703260089710395
0.386,-0.005352287848826121
0.387,0.016380649130974895
0.388,0.02493401542075694
0.389,0.037131050914273864
0.39,-0.02659116812063394
0.391,0.017582732010895306
0.392,0.0029605095221031143
0.393,0.00039048623602660256
0.394,-0.007218912385134743
0.395,0.007038654041302464
0.396,0.020218211937934258
0.397,0.005492018172460248
0.398,0.02597282792191629
0.399,0.02597585079473758
0.4,0.02952638937569299
0.401,0.015251015558221403
0.402,0.003038127638546058
0.403,-0.0023424453190171194
0.404,0.009090962568269545
0.405,0.005874826973423818
0.406,0.008120853817445192
0.40700000000000003,0.0031994263841089356
0.40800000000000003,0.027457072451547236
0.40900000000000003,-0.02774889506427353
0.41000000000000003,0.026718651362791092
0.41100000000000003,0.020433900633042103
0.41200000000000003,0.020112181673970865
0.41300000000000003,0.02566022630991391
0.41400000000000003,0.009335858377472413
0.41500000000000004,-0.012359762597530865
0.41600000000000004,-0.013800153224048916
0.417,0.028693877269592785
0.418,0.0191554558764662
0.419,0.02691238907572712
0.42,0.006595583297702854
0.421,0.013600443889852903
0.422,0.01857232460650769
0.423,-0.007202711602668343
0.424,0.02733794108902459
0.425,0.01038382362519187
0.426,0.019260510131536006
0.427,0.03091267560820022
0.428,0.015106084686455624
0.429,0.017876566130158186
0.43,0.020108060914998272
0.431,0.018234721476592348
0.432,0.0035994066654257296
0.433,0.025911319523240665
0.434,0.012293536169452519
0.435,-0.01903018156843184
0.436,-0.029403707530132522
0.437,0.009491774849772174
0.438,-0.0067058017662349765
0.439,0.05045557975890874
0.44,-0.028480355200521043
0.441,0.0011870627300102406
0.442,0.024949640098952872
0.443,0.0006031522575695976
0.444,0.03676211329899122
0.445,-0.008963169031780792
0.446,0.052221045609481924
0.447,-0.024107080295458935
0.448,0.02618030781513849
0.449,0.004503248132482225
0.45,0.0016594708394410754
0.451,-0.01530515361338532
0.452,-0.0016703640631882902
0.453,0.03729650564308595
0.454,0.025568534663969314
0.455,0.008853479978169295
0.456,0.0018933905796857148
0.457,-0.0009395873665701297
0.458,-0.0214998072108442
0.459,0.012130285425658503
0.46,0.05221098431596307
0.461,0.0004885132737830018
0.462,0.00794942763651197
0.463,-0.010240445819485104
0.464,0.030570778678558914
0.465,-0.03428266884851892
0.466,0.028616324628627874
0.467,0.0005044279856592964
0.468,0.025157282121916084
0.46900000000000003,0.011414481477092953
0.47000000000000003,-0.029053735837427833
0.47100000000000003,0.004219803995052579
0.47200000000000003,-0.012027062545478306
0.47300000000000003,0.01661425373140999
0.47400000000000003,0.01929124950472125
0.47500000000000003,-0.008028732869277418
0.47600000000000003,-0.032043172545631875
0.47700000000000004,0.01309898127849509
0.47800000000000004,-0.014651238844923713
0.47900000000000004,0.004441981459696842
0.48,-0.01318495760492536
0.481,-0.016012616134048332
0.482,0.019618328721542892
0.483,0.025280763682583276
0.484,0.02505408423329867
0.485,0.0007489214688023499
0.486,-0.030000719907930802
0.487,0.008307379695635832
0.488,0.0065166350337186145
0.489,-0.00969374030663789
0.49,-0.011472280726315877
0.491,-0.019601583348713213
0.492,0.017812223368435937
0.493,0.017076187020532912
0.494,0.0029387565112397535
0.495,-0.022339287567267732
0.496,-0.0022718821764965828
0.497,-0.005571820841296928
0.498,-0.005397586342915855
0.499,0.04203730513381116
0.5,-0.004696148751285818
0.501,0.012735312414474904
0.502,0.047099621282158395
0.503,0.017521987527231185
0.504,0.027960284518757098
0.505,0.03200636135797378
0.506,0.014697753654260109
0.507,-0.01037940729938287
0.508,0.025829725244800622
0.509,-0.00910381419099416
0.51,-0.020165663231341915
0.511,-0.006304301445548275
0.512,0.011814854038946906
0.513,0.0018383487057200645
0.514,0.004545779522921681
0.515,-0.008484773416054005
0.516,-0.005226879470350122
0.517,0.0066834875617257814
0.518,-0.005761006352498375
0.519,0.0015028592998272557
0.52,-0.04261744368636505
0.521,-0.0054213490181920475
0.522,0.023565340663917418
0.523,0.032192044100119166
0.524,-0.0009837881988161352
0.525,0.006459954324230556
0.526,0.010135469311313192
0.527,-0.002239195819644274
0.528,0.015626724110839287
0.529,0.011848889978205723
0.53,-0.0006450163965999256
0.531,-0.0032465079079497163
0.532,0.011615447038841115
0.533,-0.00144828337936578
0.534,-0.00013993786279206406
0.535,-0.012036062299482272
0.536,0.0231642371861306
0.537,-0.03272591193835542
0.538,0.01148169138694802
0.539,0.0009128265725231212
0.54,-0.028013084486966006
0.541,-0.003976828911403688
0.542,-0.015742425066733616
0.543,0.006738710926400272
0.544,-0.0042050355360891255
0.545,-0.050115565068953885
0.546,-0.0052439015305042
0.547,-0.0021306550913491543
0.548,0.008140982954847938
0.549,-0.010105781464051358
0.55,0.017895023479180004
0.551,0.035339127995886885
0.552,0.006190781286622027
0.553,0.02907668806303106
0.554,-0.018839510485251135
0.555,-0.020911115845427933
0.556,-0.0007680545757515599
0.557,-0.010373314376779614
0.558,-0.00804771615373602
0.559,-0.012592951211740437
0.56,-0.01019443020268163
0.561,-0.03429623006027861
0.562,0.004256865534978944
0.5630000000000001,-0.014033169328187878
0.5640000000000001,-0.00674775773494322
0.5650000000000001,-0.004240694318900473
0.5660000000000001,-0.02042156526602618
0.5670000000000001,-0.01873289790175359
0.5680000000000001,-0.03933739401615063
0.5690000000000001,-0.0018581742611052123
0.5700000000000001,0.00208197910776387
0.5710000000000001,0.051964446379906534
0.5720000000000001,-0.02957616996802054
0.5730000000000001,-0.014764674408918876
0.5740000000000001,-0.03460139102902421
0.5750000000000001,-0.0074914101450246585
0.5760000000000001,0.021923701003732175
0.577,-0.0007724358831377896
0.578,0.000968216874346583
0.579,0.014854792645532312
0.58,0.006353531360348685
0.581,-0.0010111240168353955
0.582,-0.002006974353307472
0.583,0.03767008652916009
0.584,-0.01517598562987397
0.585,-0.029444991548406185
0.586,0.001294328913556823
0.587,-0.015132920912745483
0.588,-0.0037744672325846426
0.589,-0.019323889492723866
0.59,0.03405772154746103
0.591,-0.023895793590742682
0.592,0.006929504110245091
0.593,0.008752740381129887
0.594,0.029288748794197746
0.595,0.0028162126608910557
0.596,-0.005084600273574049
0.597,-0.0029288041402058523
0.598,0.0072914733160943605
0.599,-0.001631999373979455
0.6,0.03266715349437463
0.601,0.0076816206836228295
0.602,-0.016553615117483923
0.603,0.012557745301615592
0.604,-0.004793452878158855
0.605,0.04768455658522236
0.606,-0.016355386526004538
0.607,0.005576257084479498
0.608,5.196687365341141e-05
0.609,0.008557743806029257
0.61,0.03516306813405953
0.611,-0.012742730900713841
0.612,0.008608695141134968
0.613,0.03147595080548081
0.614,-0.03463216340650848
0.615,-0.03685971948317179
0.616,-0.05270250317636
0.617,-0.021795569344027647
0.618,-0.025987404851624353
0.619,-0.002307149827379975
0.62,-0.008472806213470865
0.621,0.004663633634738795
0.622,-0.004932695351081518
0.623,0.05043548789364753
0.624,-0.0011295670057431834
0.625,-0.011416720031249394
0.626,0.03299566040750135
0.627,-0.004807831389597339
0.628,-0.032775534604636655
0.629,0.012138649898502857
0.63,-0.016381783216738728
0.631,0.026025640529845923
0.632,-0.000988724475931521
0.633,-0.015372445219357784
0.634,0.059045875336759326
0.635,0.01659337462832698
0.636,-0.02762409611148602
0.637,0.0032834704148492965
0.638,0.0280425376278412
0.639,-0.02393104120692245
0.64,-0.04030125728433228
0.641,-0.010996300187925452
0.642,0.018591296877895753
0.643,0.003329521801598984
0.644,-0.006671805353535565
0.645,0.010935519913777083
0.646,0.005402558667796447
0.647,0.02223650475867765
0.648,-0.01984946216756404
0.649,0.010630189278309098
0.65,0.011103542688672044
0.651,-0.03683759989484755
0.652,0.019237592571865258
0.653,-0.025743464214628028
0.654,0.030958253662071684
0.655,-0.027954855852102903
0.656,0.01913891200410607
0.657,0.013448318380183913
0.658,0.019055520745168295
0.659,-0.005619046479688477
0.66,-0.0041218606050935375
0.661,-0.0008751870891359689
0.662,-0.012257980357111124
0.663,0.046086177003651925
0.664,0.03521530892599938
0.665,0.023659072610271194
0.666,0.018922687774322326
0.667,0.015497870237677715
0.668,-0.00034637409623156437
0.669,-0.013740841343485155
0.67,-0.02250579851134138
0.671,-0.0013939626065247771
0.672,-0.023916836516504777
0.673,0.0005277983280823049
0.674,-0.001470655422643389
0.675,0.001444705945344492
0.676,0.0005852776043667685
0.677,0.0028745939815290546
0.678,0.01806488440088447
0.679,0.008996169015943434
0.68,0.011839752875910079
0.681,0.008719795378527684
0.682,0.011645417652373855
0.683,0.01395012139816193
0.684,-0.032014688227018105
0.685,0.004975528054202609
0.686,0.011624523345858725
0.687,-0.015778818092292722
0.6880000000000001,0.014672843754111896
0.6890000000000001,0.003324629064305418
0.6900000000000001,-0.009507609330968664
0.6910000000000001,0.010569960720860095
0.6920000000000001,-0.013835188935704396
0.6930000000000001,0.005000456368069204
0.6940000000000001,0.016020169208167963
0.6950000000000001,0.009174438664135122
0.6960000000000001,0.016076686130811955
0.6970000000000001,0.024694219007453264
0.6980000000000001,-0.032182343751698685
0.6990000000000001,-0.013380150433099869
0.7000000000000001,0.03473105135219358
0.7010000000000001,0.012286529258904175
0.7020000000000001,0.008878366117432703
0.7030000000000001,-0.017461942975350756
0.704,0.011378767777015545
0.705,-0.002110689203462085
0.706,0.023549408742782975
0.707,0.03380893447774769
0.708,0.004529393964475115
0.709,0.008770837386638197
0.71,-0.013516891771040863
0.711,0.030248036362461733
0.712,0.02211988120795177
0.713,0.02651453708752441
0.714,-0.003226498936990725
0.715,0.012796755806137764
0.716,-0.02172534627728375
0.717,0.025426203580760844
0.718,0.0148468738372163
0.719,0.013003753163672548
0.72,-0.00437918626860002
0.721,-0.015936429792220683
0.722,-0.005112691881399876
0.723,0.005794384634557417
0.724,0.03154659583431457
0.725,0.023399535042032744
0.726,0.006832478104751627
0.727,-0.019141859032525344
0.728,0.012094786528429088
0.729,-0.008956767326907145
0.73,0.00670362601903634
0.731,-0.014519955432948213
0.732,-0.0020208359173340407
0.733,0.006934284846069732
0.734,0.010787510409493727
0.735,0.001140164671615835
0.736,0.01572678821881364
0.737,0.020045018419786828
0.738,0.002999619867568952
0.739,-9.540590610349672e-05
0.74,-0.011170201167708357
0.741,0.024218086209789574
0.742,-0.01400982533873053
0.743,0.018354614660711498
0.744,0.03472828348417987
0.745,0.0363423586669163
0.746,0.0032962529341568356
0.747,0.010741404285385153
0.748,0.00010929337765444407
0.749,-0.0161487617193633
0.75,-0.025474648399352203
0.751,-0.00227517326094455
0.752,0.005635276680819103
0.753,0.04236365904262181
0.754,0.02951468706841031
0.755,-0.007238091955694515
0.756,-0.021648106674851793
0.757,0.034454083395966464
0.758,0.02014112367056419
0.759,0.02428567174287481
0.76,0.015410592308968307
0.761,0.0045127823455768145
0.762,0.008361823432668506
0.763,0.005243436952052065
0.764,0.009487847070718081
0.765,0.021968224862062968
0.766,-0.02937829929462372
0.767,0.0019331830627437015
0.768,0.03796625939672475
0.769,0.01875604308773714
0.77,0.02518369847536544
0.771,0.020696924089020855
0.772,-0.00037076849425673065
0.773,-0.007704676824540826
0.774,0.025476848525989283
0.775,0.04360337353296784
0.776,0.009559884727800758
0.777,-0.012050230319386913
0.778,-0.018436716697469713
0.779,0.006047122500966521
0.78,-0.010135024629465356
0.781,-0.0005308376318651827
0.782,0.03668329189851235
0.783,-0.026175966403133116
0.784,0.02844321864860431
0.785,0.0515046116405721
0.786,0.0045322711158596995
0.787,-0.010284670676595775
0.788,-0.026298109520931506
0.789,-0.0018529184175242494
0.79,0.040753949979977624
0.791,0.0010371676114904389
0.792,0.011321973106439443
0.793,0.02003823770221899
0.794,0.03856137718521527
0.795,0.013412556708569032
0.796,0.019610081226496948
0.797,-0.009749023131746262
0.798,0.02814121076124693
0.799,0.03454881620537916
0.8,0.025086049824901775
0.801,0.040880655441281645
0.802,-0.015128366171475362
0.803,-0.015064947430389667
0.804,-0.0022071724725457546
0.805,0.03275496396080247
0.806,-0.020262899309933743
0.807,-0.00923265209807458
0.808,-0.002789681830315457
0.809,0.008580517269609452
0.81,-0.0018821135715011827
0.811,-0.0020589602832644356
0.812,0.026598148118774922
0.8130000000000001,0.016776771759393506
0.8140000000000001,0.029398276362343875
0.8150000000000001,0.017462412346200003
0.8160000000000001,0.03566220982564823
0.8170000000000001,0.024112327247871455
0.8180000000000001,0.056088476905212424
0.8190000000000001,-0.007501371767408538
0.8200000000000001,0.018569577589856487
0.8210000000000001,0.0334882649369261
0.8220000000000001,-0.0027583626334677534
0.8230000000000001,0.008626606641281067
0.8240000000000001,-0.009692141290943814
0.8250000000000001,-0.008067755266017234
0.8260000000000001,0.005409232354466004
0.8270000000000001,0.04072663088373476
0.8280000000000001,0.004093057984426273
0.8290000000000001,-0.016083610633943278
0.8300000000000001,0.03682394073507899
0.8310000000000001,-0.023826698739752187
0.8320000000000001,-0.005443080806371736
0.833,-0.015071198122977617
0.834,-0.009221773687535382
0.835,0.0067560504532026885
0.836,-0.012859051324661058
0.837,0.02002664097190432
0.838,-0.006420674055082149
0.839,-0.04434780811247161
0.84,0.03540404769030454
0.841,0.04354882964358464
0.842,-0.02277620675058369
0.843,0.04559787541592495
0.844,0.040345511237057444
0.845,0.028911790193416036
0.846,-0.009759498677574344
0.847,0.029981321734107058
0.848,0.014486009279860804
0.849,0.010598687857373043
0.85,-0.009044918133097938
0.851,0.02503024194556601
0.852,0.004928031164857774
0.853,-0.017392359544444982
0.854,0.03239262685910032
0.855,0.012053329620100056
0.856,0.01545247113996815
0.857,0.01833674302241377
0.858,-0.010873044061623913
0.859,-0.015041183486666635
0.86,-0.004433040612274491
0.861,-0.02466869281616277
0.862,0.004599129158533792
0.863,-0.02970663027492101
0.864,0.024674948233385233
0.865,-0.030148343083161378
0.866,-0.012654566041424047
0.867,-0.024378060107802534
0.868,0.013148779133428939
0.869,-0.00014890014845320328
0.87,0.04040374701831916
0.871,0.01410558865941738
0.872,-0.011978501334755384
0.873,-0.008962940296606676
0.874,0.029845010146299044
0.875,0.026664909046405432
0.876,-0.013180455513571535
0.877,0.04531810165207063
0.878,0.006476171990575187
0.879,0.008984623762430251
0.88,0.008665156749812549
0.881,-0.019788732176464652
0.882,0.02909872202625331
0.883,0.02215854624273597
0.884,-0.019041946341500804
0.885,-0.012324152047259616
0.886,-0.02258164763256626
0.887,0.024941537160639002
0.888,0.019690479060632787
0.889,0.00753003698238235
0.89,0.0027181943402746125
0.891,0.03349943064813672
0.892,-0.0061405084538865935
0.893,0.023265637097796322
0.894,-0.010487239486077427
0.895,-0.006390759700028507
0.896,0.01957973251726193
0.897,-0.0010571433318135835
0.898,-0.011671160765477272
0.899,-0.02260078209787809
0.9,0.01969074316168132
0.901,-0.010128013864242119
0.902,0.03467000765875247
0.903,0.00843338244820323
0.904,-0.01270753181535467
0.905,0.019420309640577404
0.906,0.01869110786876737
0.907,-2.232479679164113e-05
0.908,0.03600354910795277
0.909,-0.01822525999916485
0.91,-0.01649572739516267
0.911,0.016742876888685976
0.912,0.035782338625921506
0.913,-0.002586729551504188
0.914,0.012766338546331957
0.915,0.00695027048831747
0.916,0.029279315606168352
0.917,0.004298458972357055
0.918,-0.01911157631047807
0.919,-0.022536995657567394
0.92,0.023224780526667873
0.921,-0.013134024129894638
0.922,0.0031259960970985963
0.923,-0.018757776973859046
0.924,0.014322581986375824
0.925,0.03747022621188695
0.926,0.004233362018058436
0.927,-0.007599010726227523
0.928,0.009020874235840732
0.929,0.011500057394122446
0.93,0.014845095905448174
0.931,-0.004056485686160414
0.932,-0.02429351271493065
0.933,-0.0033096813220244176
0.934,0.024941420650641463
0.935,-0.03886751152361024
0.936,0.007501075341935638
0.937,0.023326394026099588
0.9380000000000001,-0.019919808675170698
0.9390000000000001,0.005006196892323857
0.9400000000000001,0.008117695200163078
0.9410000000000001,0.019815186050844952
0.9420000000000001,-0.0012488371690944572
0.9430000000000001,0.017076448728656993
0.9440000000000001,-0.004018880520028549
0.9450000000000001,-0.00263282201893155
0.9460000000000001,0.004817739979246842
0.9470000000000001,0.007012001819700808
0.9480000000000001,0.015335487514754373
0.9490000000000001,0.013021258661296057
0.9500000000000001,-0.021468017631969583
0.9510000000000001,-0.004372295384883807
0.9520000000000001,0.01321338765910186
0.9530000000000001,-0.0541055548039446
0.9540000000000001,-0.0203302897412417
0.9550000000000001,0.017816457896466527
0.9560000000000001,0.021168295288964533
0.9570000000000001,-0.001764436364690444
0.9580000000000001,0.006860724288869765
0.9590000000000001,-0.0019494044666461961
0.96,-0.020550384326104613
0.961,0.039921192323205075
0.962,-0.016082115643542113
0.963,0.012161150289777023
0.964,-0.033003085172606625
0.965,0.02140041029137387
0.966,0.005961509124046437
0.967,0.0123111828633764
0.968,-0.024616139915165685
0.969,0.02088823225333722
0.97,0.0035979259472147087
0.971,0.023284833151423816
0.972,-0.025153035430211298
0.973,0.03745225672298543
0.974,0.021862978365188565
0.975,0.008047310474766298
0.976,0.0006569823905559452
0.977,0.07199494934569281
0.978,-0.007885662530589593
0.979,0.006771426850063664
0.98,0.0005264735610913242
0.981,-0.004419090792536395
0.982,0.007390812627725185
0.983,0.02495860064016229
0.984,-0.04422970226697899
0.985,-0.005793972005718696
0.986,0.0024314724535274427
0.987,0.008186319366189295
0.988,0.035684067295190365
0.989,0.009339964868621767
0.99,-0.022269674604556103
0.991,-0.006346527943395164
0.992,-0.013166087963414801
0.993,0.009927681852295976
0.994,-0.01580860059358709
0.995,0.006388746968005265
0.996,-0.0039521811955851175
0.997,0.07017652777990911
0.998,0.0050140401590868956
0.999,0.04106752097654001
1.0,-0.011736751372051654
1.0010000000000001,0.031249110707419786
1.002,0.0003817787591510173
1.0030000000000001,0.020664603147056603
1.004,-0.01845326424671279
1.0050000000000001,-0.005675300310039718
1.006,0.009724868082540002
1.0070000000000001,0.0029566936337293414
1.008,0.015678349578981017
1.0090000000000001,-0.013849737956542945
1.01,0.006720041427586234
1.0110000000000001,0.027978117335310488
1.012,-0.02446806057763129
1.0130000000000001,0.02393207645050096
1.014,-0.009988871600457725
1.0150000000000001,-0.0050718616200803295
1.016,0.0366489767140725
1.0170000000000001,0.05423754875964627
1.018,0.051998736068309265
1.0190000000000001,-0.007766465399120783
1.02,0.028869958386706362
1.0210000000000001,0.011748089435164573
1.022,0.008797139744217256
1.0230000000000001,0.005061850237950834
1.024,-0.009921262847467804
1.025,0.021566360849623656
1.026,0.02594848693684604
1.027,0.0076329831727441
1.028,-0.0027995231377446034
1.029,0.04111371665837115
1.03,0.02013344052223111
1.031,0.03441459497223576
1.032,0.04061797948356747
1.033,0.0007886232627554832
1.034,0.0558472227031788
1.035,0.0034404952911288272
1.036,-0.010406815110848214
1.037,0.00117175609019442
1.038,0.023048666618114402
1.039,0.023668292478467044
1.04,-0.015884307273098718
1.041,-0.0004091380993761929
1.042,0.052660026250386814
1.043,0.02981197832623472
1.044,0.013400696908387296
1.045,-0.02223215051564174
1.046,0.01131458050325093
1.047,0.04330469204331735
1.048,0.04745462840445564
1.049,-0.0047808973540223254
1.05,0.0012416952699534764
1.051,-0.00470858475228395
1.052,-0.00499686463696653
1.053,0.010785264817046602
1.054,-0.00403402755037681
1.055,-0.005535736879187863
1.056,0.02646051864988612
1.057,0.015723348194288708
1.058,0.015959438923209144
1.059,-0.018414038471496197
1.06,0.057509074073517255
1.061,0.023944850860466188
1.062,0.0023025676424728815
1.063,0.025316492560778687
1.064,0.009173506057731654
1.065,0.009210823452986329
1.066,0.013753502999568904
1.067,0.011009205944746244
1.068,0.03389917558113104
1.069,0.017452033387639024
1.07,0.008566573311079531
1.071,0.03250075314886508
1.072,0.019093697806636396
1.073,-0.003649177099679387
1.074,-0.018781325586916323
1.075,0.04317453018896962
1.076,0.011456540839707225
1.077,0.013565933926840214
1.078,0.028489400861988354
1.079,0.009954611527140044
1.08,-0.019617650803476116
1.081,0.020003257740809043
1.082,0.014058096929811466
1.083,-0.005490205475938265
1.084,0.01327127337997504
1.085,0.012251998038759713
1.086,0.0001380289384375526
1.087,-0.005077934357265177
1.088,0.017885016843772267
1.089,0.021553449207052315
1.09,0.028782528782500573
1.091,0.006791279385230257
1.092,-0.02327299565925719
1.093,0.02782205726314735
1.094,0.01100654867021348
1.095,0.020851459970403753
1.096,0.015447667768941322
1.097,0.003149876515373339
1.098,0.03107186084541582
1.099,0.08020437555964573
1.1,0.030289998907920702
1.101,0.02919667086160821
1.102,0.037582717836471255
1.103,0.0072359573714950495
1.104,-0.02292183045904719
1.105,0.02422655311422206
1.106,0.014101918999979066
1.107,0.02096622300148331
1.108,-0.010698842079997176
1.109,0.05719800511883782
1.11,-0.006812337901737095
1.111,0.041231485796885056
1.112,0.018614744520038203
1.113,0.050005838154225685
1.114,-0.0007364540432009377
1.115,0.01994935894840958
1.116,0.017733268506394853
1.117,-0.0067858703368278185
1.118,-0.0026506039090524658
1.119,0.023412651395384666
1.12,0.03194600849980294
1.121,0.007779040919824376
1.122,-0.014481839884434543
1.123,0.018345767462620156
1.124,0.00843169914745667
1.125,0.011204052193303459
1.1260000000000001,-0.007482775209416577
1.127,0.031758801953245167
1.1280000000000001,0.03425814204443225
1.129,0.005974908574393473
1.1300000000000001,0.030421343499301135
1.131,0.03478432299521009
1.1320000000000001,0.008354380275448312
1.133,0.022355130102556874
1.1340000000000001,0.01635620160057608
1.135,-0.02501437889640132
1.1360000000000001,0.008773106846791653
1.137,0.031560926778143844
1.1380000000000001,0.004525561240158928
1.139,0.07241075740806553
1.1400000000000001,0.03170638902649674
1.141,0.044001128856132166
1.1420000000000001,-0.013183034686362132
1.143,-0.0010717925260435453
1.1440000000000001,0.04631227194118701
1.145,0.010480319892071134
1.1460000000000001,-0.008390813117637818
1.147,0.012755549826476878
1.1480000000000001,-0.008530356753071266
1.149,0.014964597084289148
1.1500000000000001,0.02006591896345239
1.151,0.01645263201651916
1.1520000000000001,-0.015193421482144611
1.153,0.03181850467908329
1.154,0.018058147451505097
1.155,0.01972616158309215
1.156,0.003942354555757121
1.157,0.015254938220608673
1.158,0.044667643543394434
1.159,0.0159472972357642
1.16,0.028712994849980203
1.161,-0.017583204642300208
1.162,-0.000615680291029989
1.163,-0.0007466483300903048
1.164,0.02926750997225678
1.165,0.04900174575576284
1.166,0.009728981555162339
1.167,0.02670226141591097
1.168,-0.005053566995726344
1.169,0.011694689308704034
1.17,0.007818749141869625
1.171,0.02928964820195388
1.172,0.012977951503140985
1.173,-0.010888912951264639
1.174,0.015991477821226396
1.175,0.031060157837222227
1.176,-0.009477019209231101
1.177,0.035860263046101244
1.178,-0.01110326943552881
1.179,0.0003108792413629381
1.18,0.0041449817326587425
1.181,0.038473720569116444
1.182,-0.014231437585048886
1.183,-0.021261435436280635
1.184,0.03440774852359031
1.185,0.005214520407194065
1.186,0.006090078403032965
1.187,0.011773053109009075
1.188,-0.006097656438228386
1.189,0.004455358154934816
1.19,0.03851911101647089
1.191,0.028170975635091595
1.192,-0.001166106252505259
1.193,0.02786800860176428
1.194,0.036423351645806755
1.195,0.010742914455365718
1.196,0.05914944070776402
1.197,-0.02075603764006488
1.198,0.016766187923941696
1.199,-0.004904004150967051
1.2,-0.0016551084073196704
1.201,0.027307363708297235
1.202,0.011182260559080878
1.203,0.05749667915452229
1.204,0.01523064936916823
1.205,0.009960690699708771
1.206,-0.017138983015571655
1.207,0.003515733997543918
1.208,0.007012673614426774
1.209,0.009670387070784384
1.21,0.011289816023858337
1.211,0.0010000719604095019
1.212,0.010257385030466377
1.213,0.0327874459359185
1.214,0.010614453517813982
1.215,0.015238082603338154
1.216,0.00041710893409171307
1.217,0.037444241665271466
1.218,-0.025671543807405228
1.219,-0.009333467785509118
1.22,0.029958984947914994
1.221,-0.01061934078668177
1.222,0.03376703411490733
1.223,0.022851111173348152
1.224,0.00949108744103827
1.225,-0.007984226184789115
1.226,-0.0035932242459450273
1.227,0.003148465848379505
1.228,-0.004270370291367481
1.229,0.01761307827058542
1.23,0.023599829583997308
1.231,0.021524522355400776
1.232,0.014637865819188635
1.233,0.010870626148623984
1.234,0.022922186937850333
1.235,-0.02690840147490885
1.236,0.03582394893587124
1.237,0.009122387903705804
1.238,-0.028883819828544703
1.239,0.01912772057975572
1.24,0.02190532429827256
1.241,0.024418242269694385
1.242,-0.03547476213670836
1.243,0.009921069450073362
1.244,0.017554570189525567
1.245,-0.007547126462319061
1.246,-0.0018297033668402659
1.247,0.0012725521342001516
1.248,-0.004812436375360241
1.249,-0.0009961715298600375
1.25,-0.006344557425570228
1.2510000000000001,0.0005935652951452111
1.252,-0.002031270126357036
1.2530000000000001,-0.015877730975125567
1.254,0.03651126123198846
1.2550000000000001,0.040121060075427276
1.256,0.0035800252710689135
1.2570000000000001,0.020832449581797814
1.258,-0.02584438927334186
1.2590000000000001,0.030076401522096334
1.26,-0.0003841919192548969
1.2610000000000001,0.03786240239882706
1.262,0.004403436954286518
1.2630000000000001,0.0017542451909593713
1.264,0.03343147719068604
1.2650000000000001,-0.0014426766449603641
1.266,-0.0027580629200948965
1.2670000000000001,-0.001000811252861055
1.268,0.022096696303805723
1.2690000000000001,0.05875695191102391
1.27,0.026170953881909695
1.2710000000000001,0.016997016441582583
1.272,0.019511799160229285
1.2730000000000001,0.021328209314281643
1.274,0.03157900905159751
1.2750000000000001,0.016845712241278937
1.276,0.00032378276735992896
1.2770000000000001,0.008928028602406003
1.278,0.006666383644192395
1.2790000000000001,0.0008746115832924031
1.28,0.004555249589172079
1.281,-0.02061906767191209
1.282,-0.039516639685198716
1.283,-0.001195777858468367
1.284,-0.005168642359710254
1.285,-0.024387048875923183
1.286,0.00827564120337622
1.287,-0.012492288668891086
1.288,0.0053849227658900566
1.289,0.01809970794568448
1.29,0.019104240289955582
1.291,-0.027503820301450984
1.292,-0.04087000132761133
1.293,0.020699344983627556
1.294,0.021468245803625743
1.295,0.03348030731224776
1.296,-0.0032292796802052574
1.297,0.007687642839617793
1.298,0.037795842354460006
1.299,0.022880575608326736
1.3,0.004277072544548598
1.301,-0.009379150873505791
1.302,0.05383888580489368
1.303,0.051005416545317595
1.304,-0.01949500973412341
1.305,-0.00954127524377749
1.306,0.010241745184683033
1.307,-0.013663309731930954
1.308,0.0036223934975526625
1.309,0.002179216451964309
1.31,0.013850084681334498
1.311,0.025161730165064046
1.312,0.02949078005917515
1.313,0.023531289559008024
1.314,0.0032915177732249796
1.315,0.019738692643124372
1.316,0.009726990978946462
1.317,0.015219096162940414
1.318,-0.02414048286471314
1.319,0.06419551826186619
1.32,0.01347756554533317
1.321,-0.020046999016001668
1.322,0.027341437663370095
1.323,0.03599919963511235
1.324,0.023402482578967477
1.325,0.012642273956473741
1.326,0.007385458601496683
1.327,-0.015724592900853006
1.328,-0.00240160187246642
1.329,0.010617274640988793
1.33,-0.010754227043223333
1.331,-0.007350332700143399
1.332,0.03422009750578341
1.333,0.034813494456601916
1.334,-0.006444871896098319
1.335,-0.002491278311018133
1.336,0.026581293475820375
1.337,0.020579578730999217
1.338,0.0384371638266982
1.339,0.031815841281040376
1.34,0.016327453305242285
1.341,0.04816664855472959
1.342,0.021689066772059548
1.343,0.027501113315649334
1.344,-0.005552974259868819
1.345,-0.005650954873423413
1.346,0.005345102308511098
1.347,-0.0014152704561250606
1.348,0.011758189354231093
1.349,0.026215056741424037
1.35,-0.0021701984614731617
1.351,0.005504699545060417
1.352,0.03457200571891422
1.353,0.051423895783049456
1.354,-0.0019879485449590967
1.355,0.036356450761869614
1.356,-0.03841214905114834
1.357,0.038945294294079474
1.358,0.039603589671277466
1.359,0.0021488280290795823
1.36,0.0371969001208279
1.361,0.021990178682341748
1.362,0.04298867991665311
1.363,0.05828068824176854
1.364,0.005939927875400625
1.365,0.04902363155566666
1.366,-0.0017457701418121534
1.367,0.005393193403891065
1.368,-0.0073951829363589645
1.369,0.0007509284378131396
1.37,-0.01742051911769774
1.371,0.030430452987759406
1.372,-0.027406155137916256
1.373,-0.02262616135016582
1.374,0.042939234720998545
1.375,0.017695315623728156
1.3760000000000001,0.012016158115053674
1.377,0.06471113003557154
1.3780000000000001,0.012321293800300653
1.379,-0.005252279580133908
1.3800000000000001,0.014061861070914278
1.381,-0.026302171091484885
1.3820000000000001,0.04331153295075587
1.383,0.05962378348055252
1.3840000000000001,0.02182308805572674
1.385,0.021676085375462173
1.3860000000000001,0.027721050872609638
1.387,0.003488727304996565
1.3880000000000001,0.008204753992372846
1.389,-0.008330339479775071
1.3900000000000001,0.030983463081649544
1.391,0.03530378689226573
1.3920000000000001,0.014345628590146084
1.393,0.05242718205657069
1.3940000000000001,-0.02642515756189284
1.395,0.00509301216895633
1.3960000000000001,-0.01667078695935418
1.397,0.013756041383175769
1.3980000000000001,0.01154336890497474
1.399,0.00904179791096089
1.4000000000000001,-0.003372894863758453
1.401,0.00439673775232643
1.4020000000000001,0.03963484587636541
1.403,0.01567305104127065
1.4040000000000001,0.004826810917334763
1.405,-0.005246139219848131
1.4060000000000001,0.055075705020261864
1.407,0.014734748606707676
1.408,-0.0013041862900606306
1.409,0.04391173329069843
1.41,0.004864393082267604
1.411,0.029032218998384526
1.412,-0.0068327807778096605
1.413,0.013475695692579653
1.414,0.030591053665979286
1.415,0.025614759827121702
1.416,-0.02269685754694209
1.417,0.006749990553301986
1.418,0.007277364275053974
1.419,0.016739301542752896
1.42,0.04157965567191488
1.421,-0.0007963129940069614
1.422,-0.006056980695712301
1.423,0.03220881257520069
1.424,0.010399223674870922
1.425,0.024826599411634984
1.426,0.03636956053541245
1.427,-0.021888084913964868
1.428,0.008387822190947079
1.429,0.011864367019283877
1.43,0.025850744317805933
1.431,-0.0018710428367927244
1.432,0.004863588203789656
1.433,-0.0055879288154813585
1.434,-0.008887744026961394
1.435,-0.02509023959558795
1.436,-0.022031015307816287
1.437,0.006334487049235205
1.438,0.011363226566405786
1.439,0.014128061889305966
1.44,0.0031451277425418875
1.441,0.023822916326954102
1.442,0.017781055829409732
1.443,0.01338906315461024
1.444,-0.0222399062783239
1.445,0.03544049427482093
1.446,0.008945842348014228
1.447,-0.03949410999761365
1.448,0.030393754855661054
1.449,0.01654607122319475
1.45,0.0024793460135289743
1.451,0.011572181080717486
1.452,-0.002554437841449284
1.453,0.018924464653620306
1.454,0.047451444235056685
1.455,0.026743818055850948
1.456,0.027279386358192294
1.457,0.03177737319000119
1.458,0.039768619492803414
1.459,0.03764831968723327
1.46,0.010216635951592019
1.461,0.021032166331669662
1.462,0.018402051064009804
1.463,0.03790406767572731
1.464,0.019611702284030533
1.465,0.011506781122516185
1.466,0.004371547491267612
1.467,0.015621945704704205
1.468,0.02859633109892883
1.469,0.03717240334165976
1.47,0.01158189589189904
1.471,0.01561485333085216
1.472,-0.0005982055544623316
1.473,-0.010192098237304596
1.474,0.0213906285309998
1.475,0.027203029704650966
1.476,-0.01795492007063142
1.477,0.004292007916000413
1.478,0.003187150598254168
1.479,-0.014034741670815648
1.48,0.002011596019292684
1.481,0.015847494776979637
1.482,0.02706467925458313
1.483,0.02423867545478032
1.484,0.001462225432564889
1.485,-0.007654675802783315
1.486,-0.0031755881866541045
1.487,0.047081112780947613
1.488,0.020219572901073103
1.489,-0.011477462091378392
1.49,0.012310760471262863
1.491,0.002212424914588296
1.492,0.0008004913624943626
1.493,0.00551097348644066
1.494,0.024867859173124545
1.495,-0.001903924294738147
1.496,0.025102630247390408
1.497,0.009676896623769806
1.498,0.014598626894591692
1.499,0.02735208164499283
1.5,-0.01085762562757898
1.5010000000000001,-0.007889490881211152
1.502,-0.0075230946493622
1.5030000000000001,0.0004309704293657569
1.504,0.03570935304774875
1.5050000000000001,0.04046079585262841
1.506,-0.028386556643072033
1.5070000000000001,-0.01584521283032421
1.508,0.004717550550941128
1.5090000000000001,-0.014969208446625335
1.51,0.017775876737722063
1.5110000000000001,0.05169941496757765
1.512,0.005206051840461358
1.5130000000000001,0.006512836153428816
1.514,0.018170662907331353
1.5150000000000001,0.00032460835775989993
1.516,0.004649630641076175
1.5170000000000001,-0.006377178552206953
1.518,0.032320146099846306
1.5190000000000001,0.0255320174408901
1.52,0.019183898401994404
1.5210000000000001,0.028032107710803427
1.522,-0.04213251045145058
1.5230000000000001,0.05321248988394548
1.524,0.010918295641095206
1.5250000000000001,0.029735881550685253
1.526,-0.010979154206356577
1.5270000000000001,0.04881734388663995
1.528,0.003687525101807492
1.5290000000000001,0.0047563635684373055
1.53,0.0015076545181299285
1.5310000000000001,0.009773225745735244
1.532,0.00045557053417714455
1.5330000000000001,0.0438205311831217
1.534,0.01209950747970528
1.5350000000000001,-0.009432130123708185
1.536,0.018815059360708215
1.537,0.014005758421096168
1.538,0.0050287636956222615
1.539,0.02243503040663928
1.54,0.011143388450812945
1.541,-0.03302558884026481
1.542,0.030281689780352727
1.543,-0.012899684661933199
1.544,-0.018117848760405054
1.545,0.006135967061744352
1.546,0.035697036016237846
1.547,-0.0020214967969096756
1.548,0.021357385598140086
1.549,0.0004048529286575448
1.55,-0.01278832549231278
1.551,-0.020376073739981036
1.552,-0.0019667246458697487
1.553,0.041641904686770675
1.554,-0.023308475617171816
1.555,0.03427619532470153
1.556,0.008782939964140053
1.557,0.003766073903742297
1.558,-0.009971932293170888
1.559,0.021704730747302028
1.56,0.014691951976889269
1.561,-0.0010913997549556465
1.562,-0.006108035945440592
1.563,0.003052992382186856
1.564,0.016680130940827702
1.565,0.020458658022300888
1.566,-0.02225735710604032
1.567,0.04647041950950642
1.568,0.011630613364597017
1.569,-0.020629438152871486
1.57,0.002217941224207767
1.571,0.018408667926016344
1.572,0.007345847534868893
1.573,0.02808273314183069
1.574,-0.009909825827306215
1.575,-0.009340344332518959
1.576,0.012802531295527546
1.577,0.019270632359465526
1.578,0.03879259445267074
1.579,0.004946595127284814
1.58,0.015464176380235305
1.581,-0.020353830417116078
1.582,-0.0130041404915692
1.583,0.023850369777120274
1.584,-0.0014460942209031033
1.585,-0.011754663161918854
1.586,0.03013504586724387
1.587,0.004500062213059397
1.588,0.012293398557173298
1.589,-0.0089015317931853
1.59,-0.0024085988161778238
1.591,0.05882597597187841
1.592,0.01858580271677916
1.593,0.010057158389995925
1.594,-0.0006614189074444568
1.595,-0.00217775240644358
1.596,-0.041260549411482994
1.597,-0.01640526551047738
1.598,0.02844248088258463
1.599,-0.004574981473399038
1.6,-0.00142645225864782
1.601,-0.007919687898437913
1.602,0.012868774935996568
1.603,-0.00986698832973442
1.604,0.009151551402756575
1.605,0.006893428923752705
1.606,0.05185896650853719
1.607,0.027481043169751765
1.608,0.0024172463777819503
1.609,-0.005637362078546899
1.61,-0.005988875522404394
1.611,0.011129075799766764
1.612,0.005482624283305014
1.613,0.00842466718710751
1.614,0.051796345808740436
1.615,0.008339367651075643
1.616,0.01783434384362235
1.617,-0.057009852117535655
1.618,0.042040703132975414
1.619,0.04403643207304248
1.62,0.01740848437906447
1.621,-0.0032551291897658656
1.622,0.020302599294924797
1.623,-0.028104118796929946
1.624,0.05728127281847174
1.625,0.018358329597703713
1.6260000000000001,-0.006549996224840649
1.627,0.027530638525989665
1.6280000000000001,-0.0006585372790487414
1.629,-0.006846792747989368
1.6300000000000001,0.026885473104767944
1.631,0.002479410432396996
1.6320000000000001,0.02023306678701717
1.633,0.01749787418128109
1.6340000000000001,0.024517506316259652
1.635,0.029112272982809734
1.6360000000000001,0.0029214627361354227
1.637,0.008397232361467388
1.6380000000000001,-0.003645401133922099
1.639,-0.027352615933816663
1.6400000000000001,0.014305400099111949
1.641,-0.05349802869742817
1.6420000000000001,0.0004905701831229201
1.643,0.007489862973167241
1.6440000000000001,0.01067481397298067
1.645,0.01832217782847505
1.6460000000000001,-0.0367431425011306
1.647,-0.02896858152296507
1.6480000000000001,0.015850423289527727
1.649,0.0003752028892923165
1.6500000000000001,-0.0034335611300446876
1.651,0.029531515489545065
1.6520000000000001,0.03167240292529352
1.653,-0.0010242641174999607
1.6540000000000001,0.0008789337554049213
1.655,0.030659069589883882
1.6560000000000001,-0.008201373406718431
1.657,0.008431458250557324
1.6580000000000001,-0.028914304962181853
1.659,-0.016348777321044228
1.6600000000000001,-0.03047246166624195
1.661,0.027022932215233116
1.6620000000000001,0.0008260162131898653
1.663,-0.0015794284341588694
1.6640000000000001,-0.005484683017415979
1.665,0.003662610466360467
1.666,0.014558783691546347
1.667,0.0139059749378175
1.668,0.021350724441106028
1.669,0.01164739317451299
1.67,-0.019939436106649572
1.671,-0.010189940134663112
1.672,0.009421068603051174
1.673,0.024119645240934073
1.674,0.016505450158688734
1.675,-0.0009572945819317008
1.676,-0.013318152972513667
1.677,-0.003422534968800409
1.678,0.0010593279711742843
1.679,0.021679060919510475
1.68,0.05401231266000528
1.681,-0.006219192700918686
1.682,0.026956789125655318
1.683,-0.019146953506570703
1.684,0.02973769106206607
1.685,-0.00549832282120521
1.686,0.0604764971595416
1.687,0.006503728269281209
1.688,0.03637056976469701
1.689,-0.007435019122292925
1.69,-0.031350868649788886
1.691,-0.018785631778036677
1.692,0.045586592430618654
1.693,-0.007664335975658569
1.694,0.037573875995788646
1.695,0.013293665265971435
1.696,0.03130336857167007
1.697,-0.028453995454843124
1.698,0.005527776017336784
1.699,0.007190617566597546
1.7,-0.00873880812268369
1.701,0.017982688871878143
1.702,-0.02278164659179865
1.703,0.006972363046889927
1.704,-0.0009209983609876548
1.705,0.0034108328827700384
1.706,-0.0010199201263531225
1.707,0.03922403888759592
1.708,0.031593512816864684
1.709,0.013176469797807169
1.71,0.03531418014353186
1.711,0.00314995162947237
1.712,-0.010812082105613833
1.713,0.009032129027017338
1.714,-0.00033137380252908554
1.715,-0.006731965214150785
1.716,0.007817324631352443
1.717,-0.0386818927629342
1.718,0.021933695673889086
1.719,-0.00498609479928829
1.72,0.018211192438234373
1.721,-0.03635098236179101
1.722,0.0111620138603887
1.723,0.008596779257715714
1.724,0.005103938993899582
1.725,0.016324045122123407
1.726,0.020144108732534353
1.727,0.009644710513508764
1.728,-0.009660180175467988
1.729,0.008112582749724725
1.73,0.020125511359843553
1.731,0.010440493561074383
1.732,-0.01382689855180846
1.733,0.025235023111071175
1.734,0.00029703511374277753
1.735,-0.0006781063770583649
1.736,0.015392938966540867
1.737,-0.008783804318775498
1.738,-0.008258680801272721
1.739,0.014140253263428052
1.74,0.02508487881706822
1.741,0.008910596770268455
1.742,0.02776166143045794
1.743,0.042093625113281095
1.744,0.03036774905910629
1.745,0.07063224617739285
1.746,0.0078695389268032
1.747,-0.008838413568879905
1.748,0.016741049018089465
1.749,-0.011101715403216326
1.75,0.04839994020690931
1.7510000000000001,-0.0031807347912137024
1.752,-0.04193274515725264
1.7530000000000001,0.0272067664620847
1.754,0.01547807716598994
1.7550000000000001,0.02258376753027175
1.756,0.029092829888371342
1.7570000000000001,0.037533542135745036
1.758,0.03390728201649618
1.7590000000000001,0.0005202792126384644
1.76,-0.006802539646793102
1.7610000000000001,-0.0014862431099071267
1.762,0.014306318876294272
1.7630000000000001,0.040988595691196346
1.764,-0.03004862624410252
1.7650000000000001,0.019700627006677393
1.766,0.009476947261371148
1.7670000000000001,0.004037525124141148
1.768,0.033321102938098944
1.7690000000000001,-0.01052124126448205
1.77,0.011202199396602035
1.7710000000000001,0.02515396356521929
1.772,0.02558284780591087
1.7730000000000001,0.03945000160963359
1.774,0.045270387328386695
1.7750000000000001,0.04310202685291754
1.776,0.03088465197923644
1.7770000000000001,0.015115777184325475
1.778,-0.003790293287518476
1.7790000000000001,0.03239593952578164
1.78,0.024177004084877458
1.7810000000000001,0.014443731590793263
1.782,0.01397895395077952
1.7830000000000001,-0.0017806663862390826
1.784,0.029179995280519896
1.7850000000000001,0.03894023061502463
1.786,0.03764816002979121
1.7870000000000001,-0.009778375254179881
1.788,-0.006817376114196114
1.7890000000000001,0.019677305688036675
1.79,0.019801262697108028
1.7910000000000001,0.028568329940551387
1.792,-0.01084495660043245
1.793,-0.0083198198320809
1.794,0.015413907766826353
1.795,0.025351402528073004
1.796,0.027459103321788195
1.797,0.0012881159181150907
1.798,-0.007070144978487335
1.799,0.03490665980413122
1.8,0.017775773464778107
1.801,0.017430656477754453
1.802,0.005706879243253523
1.803,-0.00036690858732522534
1.804,0.04260723813445463
1.805,0.005861873991085529
1.806,0.013270556161791972
1.807,0.03580267841249441
1.808,0.010320648473066116
1.809,0.004655865709704079
1.81,0.013934791644744933
1.811,0.0515532604826936
1.812,-0.0008869261586184861
1.813,-0.013240750354922864
1.814,0.02124291555357156
1.815,-0.004648212010036765
1.816,0.0353796991529135
1.817,-0.008247658244702473
1.818,-0.008736822025722249
1.819,0.014099656835023726
1.82,-0.005114337935252622
1.821,-0.0066639962954021595
1.822,0.006291013532423632
1.823,0.015862585522408424
1.824,0.0234095627808451
1.825,0.01386905583595008
1.826,0.021079209987037092
1.827,-0.006794412574184125
1.828,-0.008944878152085882
1.829,0.029875685294884245
1.83,0.02766068338183128
1.831,0.014514822377874107
1.832,0.047224164512134376
1.833,0.024926269376706403
1.834,0.06830147118996963
1.835,0.01918003757726773
1.836,-0.01167959786788578
1.837,0.009972886325103958
1.838,0.0067277954534181745
1.839,0.01335116145651667
1.84,0.011664474638797101
1.841,-0.04581054247940087
1.842,-0.007403827939468793
1.843,0.007598622600648837
1.844,0.007517628481354541
1.845,0.00778264370368891
1.846,0.0275197567370407
1.847,-0.0011219365515185349
1.848,0.00715627684693072
1.849,0.011505801344802637
1.85,-0.009081304458728135
1.851,0.00858650973035748
1.852,0.02677961568928444
1.853,0.008255337521314443
1.854,-0.006144709735735397
1.855,-0.0010517399423935754
1.856,0.031728695532170406
1.857,0.013935800411404083
1.858,0.01423041991004849
1.859,0.00475204627498638
1.86,0.030340574661617284
1.861,-0.04229767656217708
1.862,0.04196267416141368
1.863,-0.006459603825734201
1.864,-0.01547570485502962
1.865,0.007628068578083378
1.866,0.020910766520409657
1.867,0.019118854873630037
1.868,0.000162565154110836
1.869,-0.004447358898847807
1.87,0.02789464528847425
1.871,-0.007500134096302326
1.872,-0.006600087509579373
1.873,0.016685450024723627
1.874,-0.0042161136391911415
1.875,-0.012281867066958144
1.8760000000000001,0.026074329270157945
1.877,0.016949835804968793
1.8780000000000001,0.006498417913103491
1.879,-0.015389494090345193
1.8800000000000001,-0.02076647330969264
1.881,-0.013522358638462663
1.8820000000000001,0.03108226961814782
1.883,0.015580187718721607
1.8840000000000001,-0.010212944892756207
1.885,-0.00750135612335463
1.8860000000000001,0.013782903291401813
1.887,-0.03874727798578301
1.8880000000000001,-0.047763417735964035
1.889,-0.01879534905199566
1.8900000000000001,0.04414805106175267
1.891,0.015095243450466088
1.8920000000000001,0.01586515189230489
1.893,-0.000626272083200252
1.8940000000000001,-0.019887466789975595
1.895,0.03075063495740644
1.8960000000000001,-0.010293946322405698
1.897,0.01644988697446277
1.8980000000000001,0.017060757561032515
1.899,0.013667071824049335
1.9000000000000001,0.014345465064359793
1.901,-0.005862122248412693
1.9020000000000001,0.027747208672668684
1.903,0.014211580886516305
1.9040000000000001,0.007028176738921083
1.905,-0.036863299961675894
1.9060000000000001,0.022104266296208316
1.907,0.01644412578953756
1.9080000000000001,-0.009592940957334057
1.909,-0.027842295671413483
1.9100000000000001,0.0072839774516799604
1.911,-0.01954757972079129
1.9120000000000001,-0.013059490291070827
1.913,-0.024924173533301664
1.9140000000000001,0.0027760494109135584
1.915,0.019980588199085943
1.9160000000000001,0.013260870606170913
1.917,-0.003332704421281611
1.9180000000000001,-0.009971802845604444
1.919,0.019304948061286804
1.92,0.0066816394535817725
1.921,0.029505408259372673
1.922,0.011168945516461824
1.923,-0.008967660736628177
1.924,-0.023289067296234957
1.925,0.0020032977846543643
1.926,0.009366188424151843
1.927,-0.026946380450843972
1.928,-0.022595798617648755
1.929,-1.4028168315523108e-05
1.93,-0.035556967107458266
1.931,-0.011412164868647559
1.932,0.0034742783643224246
1.933,-0.031193346316812684
1.934,0.018421253990259873
1.935,-0.006367478621131689
1.936,-0.01641010734282912
1.937,-0.03056184651426455
1.938,0.01176946957997553
1.939,0.021912442449078452
1.94,0.02155456565481942
1.941,0.028275042406995403
1.942,-0.002642789465249316
1.943,-0.021425722310993125
1.944,0.010763469851918095
1.945,-0.049742307332498174
1.946,0.02574910979120498
1.947,0.025428064173628095
1.948,-0.036119881430541186
1.949,-0.0016176606159959642
1.95,0.004009099922927042
1.951,0.027784088937561693
1.952,-0.03232944924462414
1.953,0.006133406007909023
1.954,-0.025308359987113612
1.955,-0.0012008980731115504
1.956,-0.019263282055987888
1.957,0.004200382725197911
1.958,0.011375228452450398
1.959,0.00047712043092187646
1.96,6.615980643325404e-05
1.961,-0.007096349281069515
1.962,0.006470052439142159
1.963,-0.012993573549966407
1.964,-0.004978901016065824
1.965,0.017912260715752807
1.966,-0.011231640248029202
1.967,0.011117834163961855
1.968,-0.011503444852909255
1.969,-0.010086351471172981
1.97,-0.019255425278645717
1.971,-0.0012809374722484016
1.972,0.007419592569999708
1.973,0.023364255653785918
1.974,-0.04438305251317034
1.975,0.00877352234415672
1.976,0.013820252169755876
1.977,-0.010838406698527737
1.978,0.025057123115165895
1.979,0.015036508205097804
1.98,-0.015068628726000559
1.981,-0.0023718170762892636
1.982,0.019560903317882846
1.983,-0.028258348665067726
1.984,-0.027411638014215464
1.985,0.015833213326774752
1.986,-0.0010059971376025294
1.987,0.010065678429217673
1.988,0.012999798167492277
1.989,-0.018122289889565494
1.99,0.03518076842061267
1.991,-0.0074551334413722
1.992,-0.007793831143495238
1.993,-0.009391065184178902
1.994,0.019900684562021834
1.995,-0.004200563254011408
1.996,-0.014021938271644538
1.997,-0.016301809925254138
1.998,-0.006292447610489788
1.999,0.028410147013826246
2.0,0.009468264651690225
2.001,0.02739956493397703
2.0020000000000002,-0.01288570155751777
2.003,0.0010469231490378757
2.004,-0.005096175313932582
2.005,0.038284838402463404
2.0060000000000002,0.011326328676152068
2.007,0.02344124052617406
2.008,0.01101788963257631
2.009,-0.01398739743280881
2.0100000000000002,0.011720539453220597
2.011,0.008128514439960903
2.012,0.005965793743630086
2.013,-0.021051470334946063
2.0140000000000002,0.00613069235349864
2.015,-0.010008969396470547
2.016,0.018578274077160464
2.017,-0.016324199112057423
2.0180000000000002,-0.005705264471060165
2.019,0.004708767139443474
2.02,0.005226258433713803
2.021,-0.028355309077609823
2.0220000000000002,-0.005480812047229999
2.023,0.023593044712739538
2.024,0.010177345144393331
2.025,0.014937101750307866
2.0260000000000002,0.014456171094257514
2.027,0.020224308292671907
2.028,0.020864706770280534
2.029,0.04374925426663708
2.0300000000000002,-0.022970205564155476
2.031,0.005409393111859204
2.032,0.03430911148913887
2.033,0.028327545225953717
2.0340000000000003,0.016214511428376613
2.035,0.03831780225171739
2.036,0.03253998189633629
2.037,0.021848237910154288
2.0380000000000003,-0.01983139076954744
2.039,-0.02251750538008544
2.04,0.03374325105569504
2.041,0.010051603152781625
2.0420000000000003,0.02954796066717261
2.043,0.048585432489018934
2.044,0.01094671777890394
2.045,0.016210544143016276
2.0460000000000003,-0.012034998796491067
2.047,0.0002505201049334575
2.048,0.021920586738669475
2.049,0.0006407113810086669
2.05,0.02773293676404367
2.051,0.042998761182519836
2.052,0.02910243352756497
2.053,0.001301067478978628
2.054,0.024208286837290646
2.055,-0.005324955724344779
2.056,0.016019882485717386
2.057,0.003766508420985148
2.058,-0.023077079849290347
2.059,0.03999201215000554
2.06,0.021569170475079474
2.061,-0.0261644193376408
2.062,0.013878941337098816
2.063,-0.019446009573113033
2.064,0.0037094255436898827
2.065,0.003893362504973132
2.066,-0.014409075386519272
2.067,0.026377239252680783
2.068,0.031192999123814923
2.069,0.018764454462637976
2.07,0.03839198094925246
2.071,0.049169833249419745
2.072,-0.004439065808185377
2.073,-0.013723999379827278
2.074,0.02222906213633393
2.075,0.013162403829907294
2.076,0.015975281439920084
2.077,0.03318580192586073
2.078,0.008788812681406844
2.079,0.01956781052373108
2.08,0.04148775916172304
2.081,-0.03197099812320671
2.082,0.010652118981632928
2.083,0.018093952685307103
2.084,0.019626913210322124
2.085,0.00873713932732838
2.086,-0.011170627172225273
2.087,-0.02016692366564707
2.088,0.02162096319471245
2.089,-0.014498242108407926
2.09,0.004290608577976695
2.091,0.02805852563319671
2.092,-0.012729251603371388
2.093,-0.007496593840851704
2.094,0.011568948724051425
2.095,0.056028480428249525
2.096,0.037566880102948966
2.097,0.01147148983431808
2.098,0.011505248409763975
2.099,0.011654753702974075
2.1,0.030279943365002393
2.101,0.012426177412361853
2.102,0.0014258933155684092
2.103,-0.013914711329555282
2.104,0.0313881526808102
2.105,0.0028087746530310945
2.106,0.02545467164295164
2.107,0.010631331076845506
2.108,0.019430600968889836
2.109,0.008362081635761548
2.11,0.03843020383647982
2.111,0.02259190873105748
2.112,0.00950351865656657
2.113,-0.005055043548205348
2.114,-0.009263580285873457
2.115,0.006029675035404485
2.116,-0.012348015869691961
2.117,0.04167299273827664
2.118,0.02786771276931509
2.119,0.0009852667168595546
2.12,6.242729559821766e-05
2.121,0.02235898603739937
2.122,0.011857994700220868
2.123,-0.011112416322122775
2.124,0.03261222023675074
2.125,0.028482305561057502
2.126,0.03336646341106607
2.1270000000000002,0.025243697820321626
2.128,-0.0008612614278750361
2.129,-0.0007018189426901472
2.13,0.022260552284538417
2.1310000000000002,0.016689990968616012
2.132,0.020221123854310446
2.133,-0.022765806009374303
2.134,-0.03578288287871216
2.1350000000000002,0.004668847636686941
2.136,0.02579746973987081
2.137,0.009545145509715003
2.138,0.0033123585400654937
2.1390000000000002,-0.005789511605680236
2.14,0.0014651945625456723
2.141,0.02864006339248675
2.142,0.002056625718587686
2.1430000000000002,0.016430051501702677
2.144,0.006217560840230267
2.145,0.01150826927651362
2.146,-0.011541674444479443
2.1470000000000002,0.007671872439837913
2.148,-0.012812557393297742
2.149,0.021006375994594432
2.15,-0.007043140145118073
2.1510000000000002,-0.03854357249967409
2.152,-0.018821077123907636
2.153,-0.022531945664364953
2.154,0.04011848665576056
2.1550000000000002,-0.01660469917020164
2.156,0.011407461794394001
2.157,0.006239728995334009
2.158,0.00170736000531683
2.1590000000000003,0.013460555172191814
2.16,-0.02025007377512167
2.161,0.028797216952839766
2.162,-0.014637049003010386
2.1630000000000003,0.026733720596613025
2.164,-0.010418350915080447
2.165,0.020589838250288768
2.166,0.00268682588002912
2.1670000000000003,0.00979749498833633
2.168,-0.010357970456247853
2.169,0.02483078501604989
2.17,0.014398814873436284
2.1710000000000003,-0.00835048787532585
2.172,-0.009833471015765
2.173,-0.008097914372108361
2.174,0.029464049320570396
2.1750000000000003,-0.016957559634650766
2.176,-0.004662385860685319
2.177,0.001173558490964114
2.178,0.010762869365157872
2.179,-0.013246859751734265
2.18,-0.0023120984819001416
2.181,0.015044267472897853
2.182,0.04563918740954469
2.183,0.018145136703404403
2.184,-0.005125138461355556
2.185,-0.020051363169676338
2.186,-0.007220590630310565
2.187,-0.004338688815278056
2.188,-0.009035995833150484
2.189,0.026794181294808303
2.19,-0.00966227205564349
2.191,0.030940631532829967
2.192,0.021288189561934533
2.193,-0.014193232183955
2.194,-0.012815869372690882
2.195,0.010160109663489621
2.196,0.012277568673773036
2.197,-0.000692469393186556
2.198,0.008648102982644523
2.199,0.01662300759166931
2.2,0.003057321126349425
2.201,-0.02074951926678082
2.202,0.04461712984735757
2.203,0.00014739588712371111
2.204,-0.026960344517871628
2.205,0.0021003854011488673
2.206,0.016549781471175244
2.207,-0.0062799108590453285
2.208,0.004226286646155767
2.209,-0.022268384894487608
2.21,-0.02389121922255583
2.211,-0.030805698415212267
2.212,-0.03776612342445217
2.213,-0.0066119718956671476
2.214,0.010526914792646572
2.215,0.021789689286455406
2.216,0.022387950563856698
2.217,0.01027596248392584
2.218,0.01539377581224743
2.219,0.015255655358376035
2.22,0.007420512002157087
2.221,-0.02392404788904902
2.222,-0.015757455044722476
2.223,0.019836794405414818
2.224,0.002857150030673908
2.225,0.012912904701406092
2.226,0.0035112072523489635
2.227,0.028710575040338672
2.228,0.0032325343740866814
2.229,-0.0023310489894444297
2.23,0.008436720099017733
2.231,-0.013943906267051984
2.232,-0.012536696724342848
2.233,0.04337363538023691
2.234,-0.03233117340870778
2.235,0.005487491053968255
2.236,0.00576298543426896
2.237,0.03397896391712325
2.238,0.017722156433971015
2.239,0.020504273044701225
2.24,-0.02563205852603106
2.241,-0.007450826045537156
2.242,-0.0028656314287373733
2.243,-0.04183392047086556
2.244,-0.032645287825611186
2.245,-0.002251819919590232
2.246,-0.008634688156491451
2.247,-0.022416614085500268
2.248,-0.018365199533382066
2.249,0.009073265893061727
2.25,0.01237298217207913
2.251,-0.031090492081162456
2.2520000000000002,0.0007870341248994092
2.253,-0.03341887691929871
2.254,0.022757011190075335
2.255,-0.033975998200770116
2.2560000000000002,-0.022202901815564707
2.257,0.02892505871888681
2.258,-0.0004612453691372684
2.259,0.01851708630263179
2.2600000000000002,-0.03157087273991639
2.261,0.012645170063586276
2.262,-0.00922067709043682
2.263,-0.00944572071844222
2.2640000000000002,-0.0072485996744435744
2.265,0.016689937726656015
2.266,-0.008080976332389963
2.267,-0.027766627488971712
2.2680000000000002,0.008772415042945129
2.269,-0.02269222669468675
2.27,0.0147761917677274
2.271,-0.03116615901914877
2.2720000000000002,-0.01204489814335391
2.273,-0.02079110121110467
2.274,0.011022519127865643
2.275,0.03505822990942767
2.2760000000000002,-0.030184415415378148
2.277,-0.009377095491664007
2.278,-0.008421136846584496
2.279,0.0017743310429631717
2.2800000000000002,0.00571871153697679
2.281,-0.017436095816925894
2.282,-0.016782711008578255
2.283,-0.01719601401384342
2.2840000000000003,-0.008810816171377734
2.285,0.0025501593864121312
2.286,0.030697346558193627
2.287,-0.004565896885597752
2.2880000000000003,-0.0020906663589849127
2.289,0.018363102827080487
2.29,0.004945931883219956
2.291,-0.044486287948277733
2.2920000000000003,-0.001250876193009298
2.293,0.005829270027440265
2.294,-0.007852308326747982
2.295,-0.023250667096353976
2.2960000000000003,-0.007014091026770803
2.297,0.009187389234717184
2.298,0.009923725736756511
2.299,0.014955935307790802
2.3000000000000003,0.00791026154818354
2.301,0.028845625893325146
2.302,-0.020455549050183194
2.303,0.0008371561487849409
2.3040000000000003,0.012079030979234757
2.305,0.014251966179690373
2.306,0.026355306247952872
2.307,0.02628007470263189
2.308,0.027873496263435025
2.309,-0.006400676537515573
2.31,0.017305405947332656
2.311,0.01068182187783705
2.312,0.019208187924407667
2.313,-0.042128921493109366
2.314,0.01435989371149319
2.315,0.027993193199104194
2.316,-0.005098362387301427
2.317,0.018853184446316583
2.318,-0.025426898667818578
2.319,-0.019204990104552427
2.32,-0.005702529495243153
2.321,-0.006876810356004072
2.322,-0.015831942357227204
2.323,0.004186010451150023
2.324,0.008621565940058565
2.325,0.026575816694519052
2.326,-0.011824151976166396
2.327,0.024363690106585806
2.328,0.005345593950087019
2.329,-0.020248956006734577
2.33,-0.0532692241357421
2.331,-0.0021710420947475277
2.332,0.02514172122029687
2.333,-0.005287232345875384
2.334,-0.04303260454339819
2.335,0.0006616304035853419
2.336,-0.023928427346432465
2.337,0.011922322496433048
2.338,-0.023813875010042635
2.339,-0.02216958445494226
2.34,0.030737505483147392
2.341,-0.0036019466616355033
2.342,-0.008087212228583673
2.343,0.009420688201304385
2.344,-0.017872792673032066
2.345,0.0253152905721112
2.346,0.029754956666583638
2.347,-0.008604103728132173
2.348,0.00495448205245067
2.349,-0.011855541588053891
2.35,-0.021627278131239255
2.351,0.010045747787940285
2.352,-0.008403680093537652
2.353,0.011312252189117243
2.354,-0.012138259761205446
2.355,-0.0027600816651597694
2.356,0.005554431215825086
2.357,-0.021440936348794803
2.358,-0.015235516299652951
2.359,-0.009919707466426148
2.36,-0.03900848182465297
2.361,0.016553021671148832
2.362,-0.0035089831402827063
2.363,0.009709125772809815
2.364,0.023677043002940254
2.365,0.01890762123800395
2.366,0.020066274537760984
2.367,-0.019180979589417817
2.368,-0.011251223722146209
2.369,0.01662452786664498
2.37,0.014874274964367369
2.371,0.028297977300485937
2.372,0.004733080522969456
2.373,0.0009684452167397343
2.374,-0.01987307472125656
2.375,0.008609337621354619
2.376,0.007719276154873863
2.3770000000000002,0.02464639350062592
2.378,0.011921228274884595
2.379,0.0024783817721084588
2.38,-0.006115275396280918
2.3810000000000002,0.006212499406157997
2.382,0.04011680749601521
2.383,0.00045027007959350194
2.384,0.005682977563360094
2.3850000000000002,-0.02118572573945934
2.386,-0.022850626263528268
2.387,0.00838356654885744
2.388,-0.0022123915026525448
2.3890000000000002,0.0033328196644501398
2.39,0.04741210529631395
2.391,-0.0026332021330531512
2.392,0.0032177829995536254
2.3930000000000002,-0.03856764845467458
2.394,-0.005051597651188214
2.395,0.0181056701170606
2.396,0.009012224672455597
2.3970000000000002,-0.024972964217272714
2.398,0.001155246403732834
2.399,0.0009187090444505285
2.4,-0.0138803093293103
2.4010000000000002,0.022514062557752366
2.402,-0.010782996037887906
2.403,0.035953745338081405
2.404,0.02364590593837491
2.4050000000000002,0.005794144307326018
2.406,0.0009644463862321399
2.407,0.013439055577470774
2.408,0.01302021604307035
2.4090000000000003,-0.003467579781833801
2.41,0.02171984246150343
2.411,0.015302383031451983
2.412,-0.012835977487990178
2.4130000000000003,0.022866587287573792
2.414,-0.02713581148567675
2.415,-0.013495047490701361
2.416,0.008413070842975781
2.4170000000000003,0.0008354472660248979
2.418,0.015562379592045922
2.419,0.00958551298586438
2.42,0.0161070927415885
2.4210000000000003,0.019075196373957954
2.422,0.009374345942780821
2.423,0.00623283419356664
2.424,-0.02102247288274945
2.4250000000000003,0.022940585489053165
2.426,-0.009068660477696843
2.427,0.02660251068359842
2.428,-0.02266580971869247
2.4290000000000003,0.03580706502958219
2.43,0.02661568902426771
2.431,0.02765859424786213
2.432,-0.021387391356210404
2.433,0.0458091413890541
2.434,-0.014842522573951926
2.435,-0.005081183363725948
2.436,0.013383514820333509
2.437,0.017998498428645406
2.438,0.005000528125369073
2.439,0.005262202131412043
2.44,0.027001618308178467
2.441,0.011414854851230092
2.442,0.028433306305113207
2.443,0.016537700387662335
2.444,-0.013009350322029881
2.445,0.027168805644398823
2.446,0.002324785554873042
2.447,0.006041169674797888
2.448,-0.011794497350713647
2.449,0.04790072994028764
2.45,0.01681650592998381
2.451,0.012242596696008889
2.452,-0.0023756564054717433
2.453,-0.06243686684141911
2.454,0.0024685509432443
2.455,0.03689947836930984
2.456,0.010719874743986625
2.457,0.024379241879407026
2.458,-0.006811720115353054
2.459,0.00587670629644555
2.46,0.02863870067855488
2.461,-0.046370344442832855
2.462,0.015192002078993707
2.463,0.017679951129846976
2.464,0.01300887296727522
2.465,0.03061714865287031
2.466,-0.0005393685508183689
2.467,0.04631416247567705
2.468,-0.012466109227215773
2.469,0.011456956735265656
2.47,0.007037380885845884
2.471,-0.00273911760167624
2.472,0.03614384694492454
2.473,0.01890446459300278
2.474,0.011514986875232485
2.475,-0.015846292662727825
2.476,0.03416399868597164
2.477,-0.0040357754506466625
2.478,-0.016090689285224113
2.479,-0.003118181724290697
2.48,-0.007376656431748899
2.481,0.018776131394651337
2.482,0.003832138719208805
2.483,-0.010893191541970385
2.484,0.015743538569378886
2.485,-0.0066098697377462955
2.486,-0.04929393650275171
2.487,-0.00013220511725306884
2.488,0.020835708215134023
2.489,-0.02063895903766197
2.49,-0.050761903933273005
2.491,0.016659577119742495
2.492,0.007749624620334525
2.493,0.00894049647601685
2.494,0.0257946387560748
2.495,-0.022167302685228346
2.496,-0.02314750674878685
2.497,-0.0004020148950047676
2.498,-0.022122119852431305
2.499,0.017503378364986766
2.5,-0.007195883179769375
2.501,-0.004222230179270565
2.5020000000000002,-0.017372954909854924
2.503,-0.007179921873392774
2.504,-0.007516327940557079
2.505,-0.006813591545442372
2.5060000000000002,0.010875740918899356
2.507,0.004501813681795674
2.508,0.0045975249399782155
2.509,0.017419887721020808
2.5100000000000002,-0.0029772174205214847
2.511,0.04966434601752409
2.512,-0.029348211600224886
2.513,-0.024255001205952538
2.5140000000000002,-0.012556861583428036
2.515,-0.023758474911033993
2.516,0.017415814072351554
2.517,-0.008706696976257281
2.5180000000000002,-0.0011151158267271228
2.519,-0.026811231183910014
2.52,-0.03861998512594632
2.521,0.024302141116668216
2.5220000000000002,-0.014271085072749884
2.523,0.021206447734772024
2.524,0.004639966397637793
2.525,0.0225809331237628
2.5260000000000002,-0.04800643843644271
2.527,-0.03891533260685893
2.528,0.001030792703962276
2.529,-0.001579168665865558
2.5300000000000002,0.048060630846435165
2.531,-0.0212958489370859
2.532,0.0035711368255428363
2.533,0.007869209189183268
2.5340000000000003,-0.021026509676733956
2.535,-0.026294027016051928
2.536,-0.002903319115006414
2.537,-0.010519021898313712
2.5380000000000003,-0.03342149965306349
2.539,-0.018512720176994252
2.54,0.007817369955453303
2.541,0.038444022846316976
2.5420000000000003,-0.018464570334308393
2.543,0.020869813150739908
2.544,0.03866410468038309
2.545,-0.020499033160671445
2.5460000000000003,-0.02962785246232885
2.547,-0.0032333285025585813
2.548,-0.00818036619242446
2.549,-0.04029440319622151
2.5500000000000003,-0.0030618084919998073
2.551,0.00571535977303196
2.552,0.0010417894870061867
2.553,-0.05130823520703305
2.5540000000000003,-0.01526915605800734
2.555,0.033902521436885116
2.556,0.03313637661849059
2.557,-0.03842304459002511
2.5580000000000003,-0.01821902183040367
2.559,0.0015198788566709916
2.56,0.014913526870804682
2.561,0.042592196114870036
2.562,-0.02988827077774857
2.563,0.026395647793038553
2.564,0.006993489931139489
2.565,-0.059640362121249374
2.566,-0.00092554936881659
2.567,-0.009368486600818493
2.568,0.0021798437609192754
2.569,-0.012143275501430663
2.57,-0.012971950992072746
2.571,-0.043161709969968175
2.572,0.022223658337694067
2.573,-0.011619737263244945
2.574,-0.036814903656080575
2.575,-0.01554984516139948
2.576,0.016383052236601033
2.577,-0.007253142562105247
2.578,0.013391267103926338
2.579,-0.01792959856948057
2.58,-0.02172927629039105
2.581,0.003535996581475794
2.582,0.02032783471433863
2.583,0.00791791817242889
2.584,0.0049373729601073085
2.585,0.014244077220012263
2.586,0.0002808611164171436
2.587,-0.014789477351762871
2.588,-0.006575976051022265
2.589,0.0012564309480157573
2.59,0.016809852808959476
2.591,-0.004923919214342617
2.592,-0.01758578557915448
2.593,-0.010247046046744653
2.594,0.0015473933258964932
2.595,-0.009118938405061904
2.596,0.006799812532744989
2.597,0.0051989176103510015
2.598,0.0008329381797620161
2.599,0.017245880110024918
2.6,0.008358878777172549
2.601,-0.023869642686441907
2.602,0.032108509991092264
2.603,0.005905414232182231
2.604,0.0029479396152202646
2.605,-0.04892521451733978
2.606,0.009199544215639895
2.607,-0.035293455891616365
2.608,-0.015696510561109767
2.609,-0.02281132630310531
2.61,0.004770506022288415
2.611,-0.008384388864114172
2.612,0.0037034892374036227
2.613,0.006208811101330409
2.614,-0.023549410771672042
2.615,-0.033660717007003356
2.616,-0.007305363884981153
2.617,-0.002390290151361351
2.618,-0.03429413446968417
2.619,0.025275077158520294
2.62,0.015334837413996771
2.621,-0.03184879545296014
2.622,-0.0298581645178525
2.623,-0.012905704644973894
2.624,-0.011377051829350915
2.625,0.021943575425791142
2.626,-0.003453834573042017
2.6270000000000002,-0.023600342773125966
2.628,-0.02272664719386105
2.629,0.015765247653298446
2.63,0.0021859460623724217
2.6310000000000002,0.01329576246874304
2.632,-0.04932190865008483
2.633,0.007053604383232069
2.634,0.006840256549592062
2.6350000000000002,-0.0356243326723296
2.636,0.027473968865328227
2.637,0.0024515190966680218
2.638,-0.030286403621652334
2.6390000000000002,-0.011908833092183272
2.64,0.021465788960352568
2.641,-0.00487464182297373
2.642,-0.02206048085052937
2.6430000000000002,-0.020944086469232653
2.644,-0.021209838069448442
2.645,0.007099590787489722
2.646,-0.001434002780723401
2.6470000000000002,0.03138855798361117
2.648,-0.00808609171435716
2.649,0.004526072406059744
2.65,-0.01343747075999981
2.6510000000000002,0.010031943284575741
2.652,0.014914613620068422
2.653,-0.0019559304790852396
2.654,-0.04090140616971266
2.6550000000000002,-0.013541313995610347
2.656,-0.01902248396957802
2.657,-0.015883876282488513
2.658,-0.005988009370601411
2.6590000000000003,0.019943612588782914
2.66,-0.00420702804321437
2.661,-0.00982506553787732
2.662,-0.027133418660641246
2.6630000000000003,0.0017159611981106405
2.664,-0.015526611623908107
2.665,-0.020715100973495194
2.666,0.0017578163454458444
2.6670000000000003,0.015378560917039041
2.668,-0.006011231714984252
2.669,0.016193053296036156
2.67,-0.0023290044619654875
2.6710000000000003,-0.005308459601447102
2.672,0.014325967991162055
2.673,-0.0038638942208592273
2.674,0.011991399329878732
2.6750000000000003,-0.025683455265183223
2.676,-0.0066538375509742065
2.677,-0.023520729530807014
2.678,0.03422282541597563
2.6790000000000003,-0.025925095006189367
2.68,-0.011701897389376987
2.681,-0.01086125006299339
2.682,0.005945689848565276
2.6830000000000003,-0.007066743628602395
2.684,-0.016800814039110747
2.685,-0.010551266955092446
2.686,0.04572173713879889
2.6870000000000003,-0.015792333875994585
2.688,0.00481074603182775
2.689,-0.06762402820098788
2.69,-0.005429422589409195
2.691,0.04002642383772326
2.692,0.004996598500957155
2.693,-0.005297391082965081
2.694,-0.006845419543528634
2.695,0.022895482171520688
2.696,0.006675019007774835
2.697,-0.02386737716322745
2.698,0.02988656049259219
2.699,-0.02185163398839282
2.7,-0.026041126296196444
2.701,-0.014660068210949465
2.702,0.03928983009899464
2.703,0.012496850038588851
2.704,0.04564202932428853
2.705,-0.017051277261105655
2.706,0.016599350960840042
2.707,0.0026664256547103016
2.708,0.013281263563357433
2.709,0.02547925015517497
2.71,0.01784548714016487
2.711,-0.036643267295079204
2.712,-0.013935357500434621
2.713,-0.013833247503943472
2.714,-0.02690627627821624
2.715,0.01538998900497619
2.716,0.012333047649210992
2.717,-0.011554408751262756
2.718,0.004050180108461528
2.719,0.0037516574675339493
2.72,0.00544028534312078
2.721,0.0029490706283343566
2.722,0.008860056065188495
2.723,0.002268554368310804
2.724,-0.02457757331521197
2.725,-0.031896277618879365
2.726,0.004939223277877868
2.727,-0.01638625804660553
2.728,0.0031590662330014353
2.729,-0.009257596033686793
2.73,0.0212547363321442
2.731,-0.003180069209310003
2.732,-0.018042667930622543
2.733,0.007190672292702224
2.734,0.009028401728035665
2.735,-0.005809204236862812
2.736,0.011717733848377689
2.737,0.011568068704854433
2.738,0.010049253899624456
2.739,0.02667195394552812
2.74,-0.005119598693660775
2.741,0.013529347784383288
2.742,0.005913415185430777
2.743,-0.018271342415811215
2.744,-0.01867335567579287
2.745,0.01276738642030705
2.746,0.019387351453679844
2.747,-0.000992091911952142
2.748,0.020467364376009694
2.749,0.00036710318778489497
2.75,0.00691737978557019
2.751,0.0037315964738404797
2.7520000000000002,0.023153921831387817
2.753,0.015383777827390682
2.754,0.0001437775485897911
2.755,0.017460174443400214
2.7560000000000002,0.015634733066888847
2.757,-0.003530319686297124
2.758,0.007596197037051472
2.759,-6.036528102453323e-06
2.7600000000000002,-0.035317407413687885
2.761,0.008044335431769634
2.762,0.01891992638626386
2.763,-0.0092373758519342
2.7640000000000002,0.00617773132003227
2.765,0.022544882232888988
2.766,0.002098501685352341
2.767,0.016112196419543895
2.7680000000000002,-0.026844879446205488
2.769,0.0036910229750437076
2.77,0.03094474554406025
2.771,0.02278002844694107
2.7720000000000002,0.021019325586229744
2.773,-0.020734447239509395
2.774,-0.03027878707352008
2.775,-0.0022717063369338307
2.7760000000000002,0.0009216616915836045
2.777,0.007060902530319199
2.778,0.014382488843699286
2.779,0.030080086900149974
2.7800000000000002,-0.023340812191204607
2.781,-0.028354460083631038
2.782,0.0033640163936785794
2.783,0.02676821659874398
2.7840000000000003,0.02177546254478877
2.785,-0.010694992463524514
2.786,-0.014071049798203429
2.787,0.011969262632219053
2.7880000000000003,0.024621120956224558
2.789,-0.029313482012047264
2.79,-0.022839493779023803
2.791,-0.002532600583310581
2.7920000000000003,0.020639968981816113
2.793,0.009614289598289128
2.794,-0.02244303152274426
2.795,-0.024299847002782603
2.7960000000000003,0.03778606268883474
2.797,-0.017297908981987013
2.798,0.005160692210691901
2.799,0.0037321931904680384
2.8000000000000003,0.05488239618164916
2.801,0.009803696513045742
2.802,0.0020527924319958713
2.803,0.01082237707480465
2.8040000000000003,0.01717476157402056
2.805,-0.005468169000253418
2.806,0.00992785438317359
2.807,0.0006964557487155534
2.8080000000000003,-0.006531019289900183
2.809,-0.0003226369666928298
2.81,0.001417027055386808
2.811,-0.02272693523819944
2.8120000000000003,-0.012589416332399826
2.813,-0.004792471147656712
2.814,-0.06080768841627177
2.815,0.023042794208065095
2.816,-0.005305875843884979
2.817,0.0223258654093042
2.818,0.0027034139005125074
2.819,0.00712763003455352
2.82,-0.002561235870320233
2.821,0.027271838387972012
2.822,-0.010253345741000185
2.823,-0.00463142067069579
2.824,0.0010633360634874816
2.825,-0.009365760117713978
2.826,-0.016629835688425246
2.827,-0.031173887040937726
2.828,0.0457041965669251
2.829,0.008095628551859446
2.83,0.009061592319439553
2.831,0.03315016066262979
2.832,0.011717809983386044
2.833,0.012378317164507005
2.834,0.019910565207535202
2.835,0.013615591713491183
2.836,-0.02778586661448099
2.837,-0.01598131678373262
2.838,-0.011467782119226893
2.839,0.012370165069884111
2.84,0.005354244697525048
2.841,-0.02364798928448249
2.842,0.024624828599331957
2.843,0.010699305113403078
2.844,-0.017202186237986486
2.845,0.023439068881000964
2.846,-0.01974625183973618
2.847,0.031248921777919894
2.848,-0.0012563662367864863
2.849,-0.024237072653030114
2.85,0.016347337068280936
2.851,-0.015336052969291348
2.852,0.0038808219322191374
2.853,-0.003739476010224912
2.854,-0.003644897150868333
2.855,0.011089888009303807
2.856,-0.002362192390471477
2.857,-0.004639432619504271
2.858,-0.04324488114252609
2.859,0.008433399826388676
2.86,0.014967601641819612
2.861,-0.02343285070191051
2.862,-0.04872477522372858
2.863,0.01727920357488989
2.864,0.014055854667403436
2.865,-0.01312754001949909
2.866,-0.024310567630043665
2.867,0.018864683734185088
2.868,0.016352018149714893
2.869,0.004954780652205753
2.87,-0.038997517351103295
2.871,-0.012973622824670683
2.872,0.01453093754143107
2.873,0.012779523674203472
2.874,-0.012611352093272802
2.875,0.003956794068590416
2.876,-0.02652035239832059
2.8770000000000002,0.018508747983867938
2.878,0.01137697673106375
2.879,-0.008760665894952325
2.88,0.0060251224541792185
2.8810000000000002,-0.04378925346255456
2.882,0.0007160726648406052
2.883,-0.029396947206097594
2.884,-0.0052819707381365644
2.8850000000000002,-0.004378507631701892
2.886,-0.016192866073998786
2.887,-0.03332064807971182
2.888,-0.017448070988820875
2.8890000000000002,-0.024110837449070967
2.89,-0.014586965918164017
2.891,0.010872209054881989
2.892,-0.01215200465434883
2.8930000000000002,-0.004140966319278279
2.894,0.014618975474108693
2.895,-0.014650077022464377
2.896,0.040026385433474476
2.8970000000000002,-0.045074947933610145
2.898,0.009263127745760723
2.899,0.022784659657555606
2.9,-0.001684673523777277
2.9010000000000002,0.008318594200726007
2.902,0.017845616970596282
2.903,-0.005952918811950303
2.904,0.008960311464960055
2.9050000000000002,-0.030483366864977646
2.906,-0.00018180277844848276
2.907,0.005208557182616238
2.908,-0.05566386019247457
2.9090000000000003,-0.01997401521290248
2.91,-0.008563737705563967
2.911,-0.03125855970651855
2.912,-0.014538830363000826
2.9130000000000003,-0.01778680853315054
2.914,0.016340117164137125
2.915,-0.021674033248360702
2.916,0.0012469866366099612
2.9170000000000003,-0.01721607907341096
2.918,0.006875016603589826
2.919,0.0034936534306218795
2.92,-0.036482783149073744
2.9210000000000003,0.03231625177735183
2.922,-0.0006230387183264506
2.923,0.03165406993319114
2.924,-0.01833344964844342
2.9250000000000003,0.007702921410437114
2.926,-0.02818103024644359
2.927,0.01012623639463662
2.928,-0.017549900835439808
2.9290000000000003,-0.04748807908926411
2.93,-0.022763136680386716
2.931,0.0171028568887149
2.932,0.02469219077109091
2.9330000000000003,0.013970235265271965
2.934,-0.02227934833035179
2.935,0.02005337012551898
2.936,-0.03670259812062728
2.9370000000000003,-0.005629049464846078
2.938,-0.016443641384466724
2.939,-0.01805631250810201
2.94,-0.013401736715307583
2.9410000000000003,-0.0034133929373665944
2.942,-0.008237525398770961
2.943,-0.021020619178447858
2.944,-0.022745302197073942
2.945,0.01538670815004063
2.946,-0.02147142605418574
2.947,0.0017427629575090635
2.948,-0.0009204017581934355
2.949,-0.01463150370610973
2.95,-0.02147529117528855
2.951,-0.010193496675990418
2.952,-0.005648924987435849
2.953,0.02182252450440232
2.954,0.004608582747107659
2.955,-0.016729746333404894
2.956,-0.015458524900498044
2.957,0.015053539641883142
2.958,-0.0163293549753842
2.959,-0.020084109197443734
2.96,0.0058311756252891886
2.961,-0.015409018085451306
2.962,0.025026990484808238
2.963,0.0054479067905271305
2.964,-0.02443671761862911
2.965,0.009611837911903943
2.966,-0.02554922458572317
2.967,0.0026251241315003193
2.968,0.0007282296408003871
2.969,-0.03222290980454726
2.97,-0.003192516584879936
2.971,-0.0010870877734143994
2.972,-0.009788474595805131
2.973,-0.011077451366677635
2.974,-0.022472279907266465
2.975,-0.009275325967264476
2.976,-0.013627614645628562
2.977,-0.023857869148200903
2.978,0.0031174630035342944
2.979,0.008265064705128625
2.98,-0.03619100554353581
2.981,0.009411797313873982
2.982,-0.0016245427658942617
2.983,-0.03954771857016952
2.984,-0.03472455827300806
2.985,-0.01609894008939551
2.986,-0.0013196881124621074
2.987,-0.006069224304283929
2.988,-0.017764720111222914
2.989,-0.0030091732402019985
2.99,0.003684419376858806
2.991,0.030872431318144315
2.992,-0.04476074282069178
2.993,-0.03483891536984887
2.994,0.011622180957665235
2.995,-0.005941827720093733
2.996,-0.003967015931945661
2.997,0.009982520427549152
2.998,0.03293080090307074
2.999,0.014729677443479163
3.0,-0.00016058963291015117
3.001,0.008349728217327403
3.0020000000000002,0.0010843409826139438
3.003,-0.009033179466653067
3.004,-0.010277126729804437
3.005,0.009744024353504743
3.0060000000000002,-0.007962752852997117
3.007,0.025090997332715602
3.008,-0.0050160565818707405
3.009,-0.005943211649037925
3.0100000000000002,-0.03164473659364739
3.011,-0.02360891677659893
3.012,-0.008221923673648875
3.013,0.013712119804696036
3.0140000000000002,0.00987459758769724
3.015,-0.040920077774049504
3.016,-0.015551930269078817
3.017,0.010262623865440754
3.0180000000000002,-0.009905347885545195
3.019,0.014769848625700549
3.02,-0.017079807376874267
3.021,-0.002743233517887411
3.0220000000000002,0.011623460392234598
3.023,-0.009050077168160994
3.024,-0.02482318004544996
3.025,-0.01061357755514554
3.0260000000000002,0.007333351626703693
3.027,-0.004335312462267262
3.028,-0.02434388280322488
3.029,-0.03019927822688917
3.0300000000000002,-0.04245174619152731
3.031,-0.0078027099630493
3.032,0.014386146229693643
3.033,0.020967676444213813
3.0340000000000003,0.007605997068055351
3.035,-0.015879172541415163
3.036,0.001629496294958017
3.037,0.018339634915289036
3.0380000000000003,0.016707918953532228
3.039,0.0181459156929115
3.04,-0.02590491906226447
3.041,-0.027229494860602322
3.0420000000000003,0.003933791417457483
3.043,0.019791879036149387
3.044,-0.0092235143037327
3.045,0.0008889371126523148
3.0460000000000003,-0.03550511666558582
3.047,0.014717121700445767
3.048,-0.019048673975464503
3.049,0.0013908927668256272
3.0500000000000003,0.014978125887140687
3.051,0.006504707239269695
3.052,-0.004407220638745809
3.053,-0.0017811678096724178
3.0540000000000003,0.0012305745987359808
3.055,-0.0032588668515597854
3.056,0.0070251493627776565
3.057,0.0050486384476710455
3.0580000000000003,-0.02283955710902837
3.059,-0.006448102298027901
3.06,-0.02671826075142454
3.061,-0.019458447109412618
3.0620000000000003,-0.02009672443611511
3.063,-0.0474216561810713
3.064,-0.01872630072028627
3.065,0.0026046597238681074
3.0660000000000003,-0.005223708520094142
3.067,0.007585131940978036
3.068,-0.020549692210878864
3.069,-0.015292966261730049
3.0700000000000003,0.041331753118356955
3.071,0.019576170556168757
3.072,0.015341339017129162
3.073,0.018555798925074724
3.074,-0.0020198738300970832
3.075,0.0461427334654365
3.076,-0.0020851363943699894
3.077,0.013086985175557439
3.078,0.028400073688641298
3.079,0.021735052540204327
3.08,-0.023103265502615274
3.081,0.024813586075666964
3.082,-0.016902143746350753
3.083,0.005501206208306382
3.084,-0.006902970521486763
3.085,0.006453571066704576
3.086,-0.002110419368838921
3.087,0.026424474059586575
3.088,0.006640434927378169
3.089,0.0010911224537915065
3.09,-0.00984641068257298
3.091,-0.01301367667984914
3.092,-0.016400550289821916
3.093,0.006421532203952547
3.094,0.007149889758535619
3.095,-0.0029084688399210546
3.096,-0.027226769521868706
3.097,0.015572307069155633
3.098,-0.006187081789645377
3.099,0.017937387266650787
3.1,-0.006517572545595159
3.101,-0.0034020229765316986
3.102,-0.023304548207796198
3.103,-0.007467893957802904
3.104,0.012860624641149199
3.105,0.0008026632099127555
3.106,0.0024573344162965765
3.107,-0.01626578823960821
3.108,-0.0051697668351588545
3.109,0.022279569207015303
3.11,-0.03167833719582677
3.111,-0.014891983154871776
3.112,0.005154040938397163
3.113,0.010196298022896962
3.114,0.02725302715548171
3.115,-0.03445651128865146
3.116,0.010254230347568838
3.117,-0.036230015327014566
3.118,-0.02203415439098208
3.119,-0.0017386590765654528
3.12,-0.04222821346809179
3.121,0.03729460250806311
3.122,-0.0292902352355156
3.123,-0.0022987476140683117
3.124,0.0004266324510188496
3.125,-0.01085444335384968
3.126,0.007731535224575911
3.1270000000000002,-0.003934974789179329
3.128,-0.030702937164422153
3.129,-0.009477808830339468
3.13,-0.031843535766592206
3.1310000000000002,0.004228638921544163
3.132,0.00942784820010968
3.133,0.025786760415912505
3.134,-0.029620327829766945
3.1350000000000002,-0.026467135843410015
3.136,-0.02911677521939305
3.137,0.014727537586886417
3.138,-0.01662670373252503
3.1390000000000002,0.010702780995914384
3.14,-0.021832953006868393
3.141,-0.017651002754251514
3.142,-0.005382906144620165
3.1430000000000002,-0.013604666794159954
3.144,-0.03643973903265095
3.145,0.03915855853056796
3.146,-0.00638182760909763
3.1470000000000002,0.012580090892322598
3.148,-0.01266909466726808
3.149,-0.012940157151069139
3.15,0.011995993246546807
3.1510000000000002,-0.006173231363463014
3.152,0.014398795578229134
3.153,0.0009472435923855785
3.154,-0.041299844320979426
3.1550000000000002,-0.02881351217024119
3.156,0.02022254943309008
3.157,-0.027482067288931794
3.158,0.0308084091403022
3.1590000000000003,-0.011465184593805725
3.16,0.033224538633713725
3.161,-0.02660081089417297
3.162,-0.012848297013690509
3.1630000000000003,0.0018151741966283058
3.164,-0.007520726589500288
3.165,-0.018129786444037486
3.166,0.02651303861872276
3.1670000000000003,0.0013207463182558546
3.168,0.013990111705483402
3.169,0.022274019161184766
3.17,-0.0022695413412333336
3.1710000000000003,0.021281521057896085
3.172,0.021258826454911475
3.173,-0.0048103194684039376
3.174,-0.00032314941303700836
3.1750000000000003,0.0015666842304513581
3.176,-0.013797037467088888
3.177,-0.01703552554292128
3.178,-0.015517318170171714
3.1790000000000003,-0.009456151865059013
3.18,-0.051565373321521515
3.181,-0.04039322636938207
3.182,-0.015328765155038209
3.1830000000000003,-0.005697149543211903
3.184,-0.013585326487996716
3.185,0.01066263504136995
3.186,0.015194705334009092
3.1870000000000003,-0.0041106104346608965
3.188,-0.01071240884204497
3.189,0.005929206433387017
3.19,0.00865726992484397
3.1910000000000003,-0.02136772061653921
3.192,-0.00020146423174625602
3.193,-0.00866696374702636
3.194,-0.00246570071683126
3.1950000000000003,-0.004801759376856689
3.196,0.0031576210331692224
3.197,-0.0028244683593354205
3.198,-0.008159163288392387
3.1990000000000003,-0.013444441539861941
3.2,0.025147127028534454
3.201,-0.002254618733205303
3.202,-0.03312937753413278
3.203,-0.001968518543402295
3.204,-0.03174357492313959
3.205,0.0007657859795436438
3.206,0.0013857915319716333
3.207,-0.0027511917756826935
3.208,-0.016889339315612862
3.209,-0.024184620906685654
3.21,0.005693429341733681
3.211,-0.00953738415779108
3.212,-0.01263494719158924
3.213,-0.014749113248107732
3.214,-0.005237001555501877
3.215,-0.001859523398407099
3.216,-0.015664572807480542
3.217,-0.0004400036875507607
3.218,-0.020919038693395592
3.219,0.0030446480225092215
3.22,-0.018934804854792438
3.221,0.01167757095769702
3.222,-0.04828803334804477
3.223,0.003944799909937838
3.224,0.0009839391772257355
3.225,-0.009070250352116865
3.226,-0.008201904698592635
3.227,0.003472610245791441
3.228,-0.015233665026174997
3.229,-0.020810701440164135
3.23,-0.00323006987287534
3.231,-0.005442193899359742
3.232,-0.008810476424483429
3.233,-0.004889876607271088
3.234,-0.018944014605821444
3.235,-0.003949326944964134
3.236,-0.024557005310033728
3.237,-0.03473668479513868
3.238,-0.0017132735927559428
3.239,0.024723368676580693
3.24,0.027444656803529623
3.241,-0.011248277397915559
3.242,-0.04166640763433414
3.243,0.006941758867295005
3.244,-0.004329597099652397
3.245,-0.021504823824260902
3.246,0.013974196463138088
3.247,0.005621600161998029
3.248,-0.01754243893892316
3.249,-0.03136384893407679
3.25,0.011704455780517844
3.251,-0.018428110511760958
3.2520000000000002,-0.0488770935466158
3.253,0.01511771819056542
3.254,-0.01836185664245299
3.255,-0.03812200141157064
3.2560000000000002,-0.06693763244023704
3.257,-0.017863050920364124
3.258,-0.035121725393949595
3.259,-0.021991793190122635
3.2600000000000002,-0.027227581060148998
3.261,-0.013344583359252652
3.262,-0.008259052110681826
3.263,0.024695109206098444
3.2640000000000002,-0.007578367142964137
3.265,-0.024136294894428638
3.266,-0.00816022218854015
3.267,-0.00667884651581806
3.2680000000000002,-0.009491781188612127
3.269,0.0334559857599565
3.27,0.012557141897648297
3.271,-0.025750988410075656
3.2720000000000002,-0.01313761519604098
3.273,0.023573764954739868
3.274,0.006496566884386149
3.275,-0.024610706033497243
3.2760000000000002,0.018150581996195816
3.277,-0.023384860486861482
3.278,-0.012024314737667227
3.279,-0.04389604822710724
3.2800000000000002,-0.03763388776109994
3.281,-0.050442167878566174
3.282,-0.01094349708463405
3.283,-0.005740582597964965
3.2840000000000003,-0.0025908488545031694
3.285,-0.05723037380085939
3.286,0.004222001567631582
3.287,0.001757624258743954
3.2880000000000003,-0.009416477419942799
3.289,-0.038360373655681894
3.29,0.036649871708936035
3.291,-0.0360590230646021
3.2920000000000003,0.0039978224570235525
3.293,-0.003561405794383981
3.294,-0.005708707847672263
3.295,-0.041516512336608205
3.2960000000000003,-0.028347551447604438
3.297,0.00235354831881159
3.298,-0.026517339612965887
3.299,-0.015425592195691448
3.3000000000000003,-0.029095310079365777
3.301,0.002970443867081618
3.302,-0.012863033279607318
3.303,-0.026945212732714146
3.3040000000000003,-0.027621350992735497
3.305,-0.05362522415057266
3.306,-0.015157065384117393
3.307,-0.009972572647943549
3.3080000000000003,0.031053016361532626
3.309,-0.008509210789067828
3.31,0.00633333068486474
3.311,-0.03449310457722269
3.3120000000000003,0.0005697551054330541
3.313,-0.04147809814696401
3.314,-0.006575868526976312
3.315,0.0015165805695566787
3.3160000000000003,-0.016268534219722342
3.317,-0.009056409304608763
3.318,-0.026930877293911477
3.319,-0.030075172465644503
3.3200000000000003,-0.04631690844412425
3.321,-0.01114499932316918
3.322,-0.05100838468358182
3.323,-0.02995353037686352
3.3240000000000003,-0.02819838094013052
3.325,-0.0058403704498423865
3.326,-0.025927813498964183
3.327,0.02360556887322398
3.3280000000000003,-0.01897116308070063
3.329,-0.029702987769747023
3.33,0.01167371286159763
3.331,0.015568467190817914
3.332,-0.02024310445937803
3.333,0.007879945826091134
3.334,0.02478412985598516
3.335,-0.005702545702134301
3.336,-0.019013089136889722
3.337,-0.0018107684189599725
3.338,-0.02014471690992252
3.339,-0.01936388131023724
3.34,-0.005991903131182746
3.341,-0.009005333594535045
3.342,-0.03619079513664331
3.343,0.016881226528272543
3.344,-0.0038150071173388206
3.345,-0.01421172898354471
3.346,-0.015473917761385176
3.347,-0.006538704357215699
3.348,-0.00851812246466307
3.349,-0.001537807759643962
3.35,-0.003790178940187511
3.351,0.005520020151332513
3.352,-0.03941845214637662
3.353,0.016832638501817536
3.354,-0.008427281340426645
3.355,-0.008155882315339596
3.356,0.04376812130838197
3.357,-0.011157376279162304
3.358,-0.006405407491125245
3.359,0.014021540839232063
3.36,-0.011994408490520641
3.361,-0.01893992381863657
3.362,0.005059813397547467
3.363,0.025202868614760312
3.364,0.004227789428266265
3.365,-0.03376155005304406
3.366,0.011798166978499672
3.367,-0.010154458289768641
3.368,-0.007745173943357978
3.369,-0.000639125619108563
3.37,0.00949150012022714
3.371,0.021666961722417125
3.372,-0.018672981086149308
3.373,-0.001623166217269296
3.374,-0.05891150111689992
3.375,-0.007288385881411908
3.376,-0.032170265982367455
3.3770000000000002,0.003021205024176204
3.378,0.018882450874246177
3.379,0.024995526625375762
3.38,0.014443933028763678
3.3810000000000002,-0.022224483235761167
3.382,-0.009346011941814272
3.383,-0.003748561522990668
3.384,-0.01068173168169677
3.3850000000000002,-0.008382250388946296
3.386,0.019202229424297806
3.387,-0.025013062140170343
3.388,-0.005431732162068933
3.3890000000000002,0.012805294401655242
3.39,-0.008056736910763146
3.391,-0.04219134064363811
3.392,-0.02747214375406356
3.3930000000000002,-0.03239934264161511
3.394,0.01828470095608489
3.395,-0.059488093844925274
3.396,-0.010719931471929654
3.3970000000000002,0.03748072787100909
3.398,-0.0022453640149713754
3.399,-0.01701657141516651
3.4,0.0038989508088066735
3.4010000000000002,0.025176148933768076
3.402,-0.015393681730651507
3.403,-0.004817797693212505
3.404,-0.004191191917820723
3.4050000000000002,0.012083059390595017
3.406,-0.017217465614099908
3.407,-0.007213762422200963
3.408,-0.0014155920050865573
3.4090000000000003,-0.008508919520112793
3.41,0.004340809870451493
3.411,-0.0024649888884073845
3.412,-0.0278525188644495
3.4130000000000003,0.0008313726802664607
3.414,0.03858455687314454
3.415,0.001092508054531335
3.416,0.025746192290468976
3.4170000000000003,-0.0028112422698598994
3.418,-0.02061944948856853
3.419,0.002500401937631262
3.42,-0.02675241911134646
3.4210000000000003,-0.008349620427877357
3.422,-0.016050757658010298
3.423,-0.0060007456386464856
3.424,-0.010237709544284553
3.4250000000000003,0.020966350252982498
3.426,0.04208631587654334
3.427,-0.022879492964560894
3.428,0.00691065893817672
3.4290000000000003,-0.0037841839812189342
3.43,-0.021137622672759957
3.431,-0.012874419090021684
3.432,0.00538970836932833
3.4330000000000003,0.0044687895673699626
3.434,-0.001458006994926716
3.435,-0.00896279432219025
3.436,0.027030504285641604
3.4370000000000003,0.018231054326752816
3.438,-0.0017464866786550542
3.439,-0.01189842620261302
3.44,0.003826863882405218
3.4410000000000003,0.0005167211695362934
3.442,-0.01221883340357072
3.443,-0.009811711127554763
3.444,-0.03445053877754366
3.4450000000000003,-0.011713614327493273
3.446,-0.025106508734478776
3.447,-0.0015675367982427206
3.448,-0.0020421640720690443
3.4490000000000003,-0.02566242429350537
3.45,-0.027783713416658265
3.451,-0.012405359796586949
3.452,0.03664366707682682
3.4530000000000003,0.006774452226792609
3.454,-0.03078588975662602
3.455,-0.014673536505684105
3.456,0.01172754220597473
3.457,-0.0033197566403215186
3.458,-0.017282845768140875
3.459,0.01578227833814741
3.46,-0.006810214535334673
3.461,-0.017159248110962547
3.462,-0.030476535782671774
3.463,0.0073815877014554755
3.464,0.0017695085587310032
3.465,-0.00926343707198829
3.466,-0.006302755583337946
3.467,0.005806686951459587
3.468,0.03740541095221065
3.469,-0.009528881077362002
3.47,0.01755207865225105
3.471,-0.02554748461760679
3.472,0.02001864696129094
3.473,0.00044770899906925853
3.474,-0.028206193911434314
3.475,0.005584805791408132
3.476,-0.017741594622161724
3.477,-0.025092622955362215
3.478,-0.03579216388798265
3.479,-0.017007015499300254
3.48,-0.025208087224873894
3.481,-0.004655389994674668
3.482,0.0013302628837609624
3.483,0.005168906164142645
3.484,-0.00838497552471439
3.485,0.017934308848251115
3.486,-0.007462112279648063
3.487,0.01664164774505619
3.488,0.0024640701155353097
3.489,0.008416115387691148
3.49,-0.024268019138000557
3.491,-0.018620349124345164
3.492,0.02088908048836065
3.493,-0.013499433671856232
3.494,0.018008797233676304
3.495,-0.00287246373710463
3.496,0.009078505882728955
3.497,-0.003239466640745749
3.498,-0.0070223964798854155
3.499,-0.009467453875552891
3.5,0.025168366395316978
3.501,0.008394927895799398
3.5020000000000002,-0.02695545255705007
3.503,-0.004415823214770082
3.504,-0.025475150392220782
3.505,-5.417078966624139e-05
3.5060000000000002,-0.007088264657344237
3.507,0.017103588517853083
3.508,0.0031117190580718674
3.509,0.009665412081229653
3.5100000000000002,-0.040172579221077406
3.511,-0.006161721594622865
3.512,-0.009790372530907537
3.513,-0.022855762790830084
3.5140000000000002,-0.0014630771901454414
3.515,-0.01926481831277311
3.516,-0.01269707490343171
3.517,-0.012408499775705245
3.5180000000000002,-0.012853510645527295
3.519,-0.03572246962947463
3.52,0.035842833399786105
3.521,-0.0032778683470521238
3.5220000000000002,0.015334396570062837
3.523,-0.0059663715053789555
3.524,-0.00809962678491064
3.525,-0.018511572553319856
3.5260000000000002,-0.041034872269296196
3.527,0.003570605825215435
3.528,-0.02481268591068272
3.529,-0.011637260113322213
3.5300000000000002,-0.031412683439221566
3.531,-0.021147850837573503
3.532,0.006134818456537365
3.533,-0.017402286014322824
3.5340000000000003,-0.023525616714682278
3.535,0.00674846350513934
3.536,-0.02583701506606268
3.537,-0.03529398258366423
3.5380000000000003,-0.009492005176494142
3.539,-0.025894872081021307
3.54,-0.026162313179914794
3.541,-0.038881633353817155
3.5420000000000003,-0.015214740242182407
3.543,0.002499394749577998
3.544,-0.019509954433492613
3.545,0.0023135287512661457
3.5460000000000003,-0.06070057274380982
3.547,-0.030443052112397152
3.548,0.0007967893550729251
3.549,-0.05767248075884562
3.5500000000000003,-0.005449151490829478
3.551,-0.03402050929279996
3.552,0.029655637690017392
3.553,0.01336970401214933
3.5540000000000003,-0.002744670989898907
3.555,-0.017212178351975256
3.556,-0.04172467323906752
3.557,-0.012676122630954521
3.5580000000000003,0.023318401165299932
3.559,0.00597608382654483
3.56,-0.007933090817357977
3.561,-0.002374012400989829
3.5620000000000003,-0.03216927730724964
3.563,0.012637302752915185
3.564,0.006891861224382402
3.565,0.0042994829993940895
3.5660000000000003,0.000980444242159994
3.567,0.005842380204049884
3.568,-0.006872425556926937
3.569,0.0034847484876141055
3.5700000000000003,-0.056706888986280915
3.571,-0.021400804967015415
3.572,-0.031009468060729236
3.573,-0.023904105517359095
3.5740000000000003,-0.01842126939027958
3.575,-0.02666977904429922
3.576,-0.02660022865280634
3.577,-0.06339866263996984
3.5780000000000003,-0.03531111931948867
3.579,-0.0064277488839701085
3.58,-0.03260466906703583
3.581,-0.0030500292154348897
3.5820000000000003,-0.021184587627960588
3.583,-0.03555261409776119
3.584,-0.01923549525107033
3.585,-0.018734616511075677
3.586,-0.02742371285849956
3.587,-0.013686004793057677
3.588,-0.00828854859323689
3.589,-0.05603321319705747
3.59,0.005968468579208419
3.591,-0.032474909317490676
3.592,-0.0035611221224919306
3.593,-0.004081030094456141
3.594,0.005899106260646921
3.595,-0.0013705520493802479
3.596,-0.012197545845951133
3.597,0.022489289771031106
3.598,-0.006722506265194291
3.599,0.003172261312646151
3.6,-0.04136257454234744
3.601,-0.01163609746722084
3.602,-0.035205349717788985
3.603,-0.001634079544829056
3.604,-0.0172835546336831
3.605,-0.022000977780233192
3.606,0.0034471961690563475
3.607,-0.02981265325077319
3.608,0.002690036713096035
3.609,-0.009134009870608417
3.61,-0.028752561582789136
3.611,-0.022454122302086835
3.612,-0.024324936003049545
3.613,-0.014563475997016073
3.614,-0.04603068678877355
3.615,-0.02498485187987705
3.616,-0.01615375082917324
3.617,-0.05516690326303168
3.618,-0.03487801567323565
3.619,0.017802125170700293
3.62,-0.01914315209023494
3.621,-0.03179358379548556
3.622,0.01739890054467441
3.623,-0.061609259871161434
3.624,-0.020726761148713475
3.625,-0.02230498663223433
3.626,-0.03343966552148593
3.6270000000000002,-0.0014061398900225355
3.628,-0.015744804097579102
3.629,0.032302202643109984
3.63,-0.006448773396458099
3.6310000000000002,-0.010652046209228667
3.632,-0.01202422266114186
3.633,-0.005904184018236006
3.634,-0.031580451406760884
3.6350000000000002,-0.002386462985308654
3.636,-0.04333797651882668
3.637,0.003367959079061025
3.638,-0.01902539709568626
3.6390000000000002,-0.00239314535821116
3.64,-0.013405277574313082
3.641,-0.034965953383138015
3.642,0.003853442023305524
3.6430000000000002,0.0034600191171527766
3.644,-0.01702321256434669
3.645,-0.004946045745185112
3.646,-0.01612118203732366
3.6470000000000002,-0.028614533397707243
3.648,-0.012698588366645842
3.649,0.008484680884925102
3.65,0.0015958879908632053
3.6510000000000002,-0.05656024845823262
3.652,-0.010158090983999626
3.653,-0.013827972158654948
3.654,-0.024919167369574696
3.6550000000000002,-0.021351263632739457
3.656,0.0013332734052393538
3.657,-0.020785093183241062
3.658,-0.022443244741334883
3.6590000000000003,-0.007997174104641932
3.66,-0.015636793850396558
3.661,-0.016059974570859906
3.662,0.009993142780948564
3.6630000000000003,-0.031589106728252506
3.664,0.0018119944469738704
3.665,-0.011593456708212074
3.666,-0.04296550942006196
3.6670000000000003,-0.0004519422587606487
3.668,-0.020813937475315257
3.669,-0.037866574590933254
3.67,-0.008959095647687485
3.6710000000000003,-0.009914946730808881
3.672,0.00750783354945498
3.673,-0.02440664722214941
3.674,0.014032969873457484
3.6750000000000003,0.024157601478359006
3.676,-0.01760086362164778
3.677,0.019748577547062145
3.678,-0.010449591832890102
3.6790000000000003,-0.0306383047438062
3.68,-0.01348806416699236
3.681,0.026614546794435805
3.682,0.030021418077208338
3.6830000000000003,-0.015506913053764332
3.684,-0.00910646621620817
3.685,-0.01317489340045265
3.686,-0.02077071468376911
3.6870000000000003,0.01835327521562205
3.688,0.0021846243790142115
3.689,-0.027355336955329528
3.69,-0.00426003824721172
3.6910000000000003,-0.009475787043753252
3.692,0.012216209861688605
3.693,0.0013726027321058413
3.694,-0.002363491979305107
3.6950000000000003,0.01439598896539725
3.696,-0.03621155111023267
3.697,-0.03917289787398562
3.698,0.012062609810476427
3.6990000000000003,0.009166849417545728
3.7,-0.0037729300982275327
3.701,-0.00599373996236127
3.702,-0.01987804145577909
3.7030000000000003,-0.0283692476783134
3.704,-0.027337734706754865
3.705,-0.025376577920904253
3.706,-0.034590766303607794
3.7070000000000003,0.003437097618185915
3.708,-0.01006461364588323
3.709,-0.00954705704839565
3.71,0.02806985147561826
3.7110000000000003,0.004575158934266408
3.712,0.011512720281018783
3.713,0.025655305585280723
3.714,0.005825388904309562
3.715,-0.004785388327135388
3.716,-0.03380725894380075
3.717,0.014633539875803871
3.718,-0.025454624248503557
3.719,-0.05230116029927427
3.72,-0.012368418328517847
3.721,-0.03678588415686544
3.722,0.014154042597383922
3.723,0.010441839757892072
3.724,0.0037802728033974374
3.725,-0.0033014738372712186
3.726,0.004699973947114883
3.727,0.008879984700612055
3.728,0.01927153226914266
3.729,-0.014127201072109456
3.73,-0.052585887439964854
3.731,-0.040069202851314635
3.732,-0.02597188851696399
3.733,-0.0019598180880827116
3.734,0.009750978594739034
3.735,-0.024417091045151072
3.736,-0.004234970321795822
3.737,-0.007042468503709191
3.738,-0.0283278271013995
3.739,-0.00881973403524147
3.74,-0.009686761217430992
3.741,0.02484527393552828
3.742,-0.007324400809061233
3.743,-0.01524992944072288
3.744,0.027196795586600174
3.745,-0.045138491519147686
3.746,-0.004820375575062478
3.747,-0.03774120466770517
3.748,-0.005535273200223199
3.749,0.0015611498185013409
3.75,0.023208072189393043
3.751,0.048791597158614315
3.7520000000000002,-0.0005227685794192798
3.753,-0.01721191784169466
3.754,0.029856092398191807
3.755,-0.007103314769181958
3.7560000000000002,0.011993752299260885
3.757,0.01595608709087937
3.758,-0.023255250115934573
3.759,0.004304254753692057
3.7600000000000002,-0.04598958720036469
3.761,0.018640007080323363
3.762,0.0032743657928157805
3.763,-0.017810066557163634
3.7640000000000002,0.02607008355714727
3.765,0.0015654664407826315
3.766,-0.004095595312101336
3.767,-0.008068974855363393
3.7680000000000002,0.019983999136805326
3.769,-0.014950521881046975
3.77,-0.018755715265231798
3.771,-0.014102083647920153
3.7720000000000002,0.017465606654997155
3.773,0.00799894376295095
3.774,-0.010631432394890873
3.775,0.022239018237467864
3.7760000000000002,-0.003564395339165599
3.777,0.016215689420816765
3.778,-0.028182215841844466
3.779,-0.019589282183437334
3.7800000000000002,0.018389681156936573
3.781,-0.009806357032312018
3.782,0.015415885875989719
3.783,-0.002510811268686253
3.7840000000000003,-0.007082088342818095
3.785,0.0065452012932396735
3.786,-0.025884457517085017
3.787,-0.006007889728880043
3.7880000000000003,0.04943130541217549
3.789,-0.02027433404533704
3.79,0.028510044067128516
3.791,-0.01526857995392096
3.7920000000000003,-0.007624696638464946
3.793,-0.012504447303915006
3.794,0.013163423290525708
3.795,0.023661667557417616
3.7960000000000003,0.00906851737286152
3.797,-0.009742105182905397
3.798,-0.025548805261847638
3.799,-0.007679785347951156
3.8000000000000003,0.009517299295954183
3.801,-0.008924875649055345
3.802,-0.05286164276012419
3.803,0.016729857068047995
3.8040000000000003,-0.026260818498479437
3.805,0.04176628379458961
3.806,0.026470561931643516
3.807,0.00776609753400234
3.8080000000000003,-1.8573164049314524e-05
3.809,-0.011215493634709861
3.81,0.012176119766081687
3.811,-0.00989641182894386
3.8120000000000003,-0.03314387487180092
3.813,-0.027807167186190605
3.814,0.012434434482695187
3.815,-0.027098190120823103
3.8160000000000003,-0.00612099714805743
3.817,-0.013323990516649974
3.818,0.010908060498691889
3.819,-0.0005367494585459983
3.8200000000000003,-0.04160700503209094
3.821,-0.02856918675095445
3.822,0.014293527410450977
3.823,0.002454841263746882
3.8240000000000003,-0.018000312170773358
3.825,-0.01911799569017994
3.826,-0.006205432764121255
3.827,-0.030418182022750172
3.8280000000000003,0.005355514348533878
3.829,-0.026338260475741365
3.83,0.008534225658985694
3.831,-0.014890456660538731
3.8320000000000003,0.022547561429042427
3.833,-0.009449109641387269
3.834,-0.005979785478203771
3.835,-0.02689152982046334
3.8360000000000003,-0.02388625118163529
3.837,0.037428524499405376
3.838,-0.023125011715619804
3.839,-0.028160343440319927
3.84,0.01835955455241294
3.841,-0.026003089712355248
3.842,-0.02814999203838702
3.843,-0.016085933991933882
3.844,-0.010364260163292704
3.845,-0.0043360714231343925
3.846,0.0021857955554999533
3.847,0.018305893208559885
3.848,-0.04132315511816428
3.849,0.0054016011062691495
3.85,-0.009634382011034144
3.851,-0.0441457619576012
3.852,-0.06304626717161313
3.853,-0.061752311134163275
3.854,-0.003114368861142169
3.855,-0.05580694666089063
3.856,0.0035745682944267943
3.857,-0.030436741218359663
3.858,0.017900517941546706
3.859,0.011267696844430035
3.86,-0.03547249395049519
3.861,-0.019932812455554047
3.862,-0.008861561404163183
3.863,-0.00044744630666422765
3.864,-0.0037559234363120047
3.865,0.022520490148412106
3.866,-0.02012565307347395
3.867,-0.03333383711848034
3.868,0.012090555213444041
3.869,-0.03571257570108486
3.87,-0.0007869093528797603
3.871,-0.011564232225699465
3.872,0.0007120350458546454
3.873,-0.006560273331800913
3.874,0.02182777422649402
3.875,-0.009601982512649083
3.876,-0.022868129530545817
3.8770000000000002,-0.02857366752431767
3.878,0.008683360372674897
3.879,-0.02828612398198273
3.88,0.02960728746850184
3.8810000000000002,-0.037876639172209195
3.882,0.014864015438642575
3.883,-0.014002963548181778
3.884,-0.029074732864842325
3.8850000000000002,0.004017748910525297
3.886,0.020127847337957572
3.887,-0.026124497003384664
3.888,-0.032512497728432434
3.8890000000000002,-0.02830319557453898
3.89,-0.030280211798916185
3.891,-0.028265620509602116
3.892,-0.0267324996141913
3.8930000000000002,0.020253645077145277
3.894,-0.002694691416892772
3.895,-0.025091991545651914
3.896,0.013704350696616522
3.8970000000000002,-0.005819916444577179
3.898,-0.018543714487369616
3.899,-0.008907000027701006
3.9,-0.0041390547919043
3.9010000000000002,-0.01438701720394933
3.902,-0.027622084421481247
3.903,0.02358028500906073
3.904,-0.04366417320209495
3.9050000000000002,0.009652433522616941
3.906,-0.024498476006895892
3.907,-0.002876613483060355
3.908,-0.02085125031036248
3.9090000000000003,0.02096804198720297
3.91,-0.036912692455053756
3.911,0.0018456876474273794
3.912,-0.010755921397046637
3.9130000000000003,-0.02939590467944831
3.914,0.0068894966079275964
3.915,-0.015509204640689129
3.916,-0.04096515874996734
3.9170000000000003,0.01969955584055746
3.918,-0.010489168156299224
3.919,-0.03562544790470955
3.92,-0.019682028528604817
3.9210000000000003,-0.0418370012390393
3.922,-0.018869751965884866
3.923,-0.027640976556917666
3.924,-0.05900417585186679
3.9250000000000003,-0.02173383282976938
3.926,0.015006873457115162
3.927,0.006919829715718665
3.928,0.02959000478966831
3.9290000000000003,-0.01455124804964944
3.93,-0.031265185297459364
3.931,-0.012863903271692997
3.932,-0.030178412378168717
3.9330000000000003,-0.004135506354114243
3.934,-0.01808442539867956
3.935,-0.011257237015954394
3.936,-0.009813372527716548
3.9370000000000003,-0.030633950813303588
3.938,0.0034240477679103294
3.939,-0.01624303687377253
3.94,-0.0031755921449180312
3.9410000000000003,-0.015179068578598631
3.942,-0.02225221262346016
3.943,-0.03741342051543972
3.944,-0.0659202901173945
3.9450000000000003,-0.013995674745152273
3.946,-0.023999803646248263
3.947,-0.029966047207513856
3.948,-0.022170031960873943
3.9490000000000003,-0.008813812442792349
3.95,-0.005017070252661218
3.951,0.009465706311809784
3.952,-0.04538944671601781
3.9530000000000003,-0.03423952520027694
3.954,-0.008381891592424001
3.955,-0.004038126487824845
3.956,-0.02201340600161349
3.9570000000000003,-0.019659436446622686
3.958,0.040497264163115776
3.959,-0.025770455548754078
3.96,-0.032136860046037025
3.9610000000000003,0.021711107083814726
3.962,-0.006588841507332477
3.963,-0.03660040164086656
3.964,0.04224438337541006
3.9650000000000003,-0.015712211161591782
3.966,-0.028655621757608312
3.967,-0.017554616273603503
3.968,0.0007654615151176424
3.969,0.010984379808455347
3.97,-0.011423526580715111
3.971,-0.037128872516222176
3.972,-0.0023034538991166835
3.973,-0.009653235511471264
3.974,-0.006373709343744394
3.975,-0.041156571813552485
3.976,-0.018519783538711154
3.977,-0.03492779898660519
3.978,-0.0043103308825350834
3.979,0.01347606313060548
3.98,-0.021549635337469376
3.981,-0.025686250050180853
3.982,-0.019302051222165353
3.983,-0.028593667808876698
3.984,-0.02350985878937204
3.985,-0.008075369510037546
3.986,-0.06882458585800377
3.987,-0.02693623901979794
3.988,-0.014662134918169653
3.989,0.019704481712139527
3.99,-0.00025733482624111796
3.991,-0.0043743569101317974
3.992,-0.008690087346518672
3.993,0.015950732786718456
3.994,-0.003731136223953271
3.995,0.02288674254497266
3.996,-0.004206709100394006
3.997,0.012047058753021641
3.998,-0.013841885964313844
3.999,0.01353021948219738
4.0,-0.01043713530606833
4.001,-0.034723793425628986
4.002,-0.02119960278070543
4.003,-0.01261055461645838
4.0040000000000004,-0.026238688592006287
4.005,-0.014291689844977029
4.006,0.008160037887148957
4.007,-0.0047626949870726715
4.008,0.005952842538946822
4.009,-0.011145648491274938
4.01,-0.01051225537714159
4.011,-0.014284687094893287
4.0120000000000005,0.0028054756070631146
4.013,0.011481611283283198
4.014,-0.020431613559102575
4.015,-0.012474996676280506
4.016,-0.003853744338606924
4.017,0.008544977919918739
4.018,0.002771057334247137
4.019,-0.012591109441055529
4.0200000000000005,-0.01518573202766388
4.021,5.9367073546291727e-05
4.022,-0.029178375165641146
4.023,-0.017780700367496762
4.024,-0.017728202644467866
4.025,-0.036898948043913256
4.026,-0.02147142615480568
4.027,-0.01499301809013205
4.0280000000000005,-0.010416236653179173
4.029,-0.03561768367742512
4.03,-0.041866584963176
4.031,-0.018164287167729443
4.032,-0.03420094315188255
4.033,-0.03375514615533365
4.034,-0.03663676391914419
4.035,-0.016371712078147
4.0360000000000005,-0.009344618235989505
4.037,-0.012886784257996723
4.038,0.04126020697736696
4.039,-0.00843980014403219
4.04,-0.019446861016537483
4.041,0.021933539733722442
4.042,-0.023991429872523246
4.043,-0.008237666413667303
4.0440000000000005,0.00017280847326378666
4.045,0.03348317781315263
4.046,-0.025815559685931258
4.047,-0.017237420448115673
4.048,-0.033191508562140176
4.049,-0.012065782414754686
4.05,-0.0051672906700133475
4.051,-0.004715655275884405
4.0520000000000005,-0.01238035659697059
4.053,0.000964064109867933
4.054,-0.04081243171802493
4.055,0.006480154626013016
4.056,-0.016484266187679147
4.057,0.0033510647074207643
4.058,0.02658245260518636
4.059,0.005799479998430001
4.0600000000000005,0.01621525026533161
4.061,-0.013440562435651495
4.062,0.007690433533038095
4.063,-0.0139564481361238
4.064,0.0024728868993358095
4.065,-0.028515038444570616
4.066,-0.0707937908432652
4.067,-0.0009722115748682656
4.0680000000000005,-0.0004213808205252049
4.069,-0.02923842325932161
4.07,0.001681068531848475
4.071,-0.022262048791357136
4.072,0.0030234893210726744
4.073,0.008754691565353181
4.074,0.01701512153549008
4.075,-0.032044539950481205
4.0760000000000005,-0.016060403083200163
4.077,-0.05081984259333253
4.078,0.018513069203578984
4.079,0.011990985909548581
4.08,-0.00855188153906138
4.081,-0.026426428543944898
4.082,-0.0026724754797601644
4.083,-0.0009926104776850995
4.0840000000000005,-0.012763766569667387
4.085,-0.04194699231369043
4.086,-0.011287424319328804
4.087,-0.015968187941351776
4.088,-0.014670191322511714
4.089,-0.031286088023401167
4.09,0.031114665507650723
4.091,-0.0028690439269318923
4.0920000000000005,-0.011238942941603852
4.093,-0.0025372596946546576
4.094,-0.008168637062217751
4.095,-0.03878439958035746
4.096,0.0005776163518275224
4.097,-0.0003338255133072624
4.098,0.00246020010721226
4.099,0.002127527346300534
4.1,-0.002738346036530625
4.101,0.01307936873858891
4.102,-0.024477949600986634
4.103,0.009434140846534288
4.104,0.00016881485411595568
4.105,-0.021242372912849285
4.106,-0.03246710332579432
4.107,0.02492333686517448
4.108,-0.0019418434573041246
4.109,0.018398105505800993
4.11,-0.016904766318733944
4.111,-0.05123563195703948
4.112,-0.005810603257330827
4.113,-0.01834409387776483
4.114,0.031373290273018696
4.115,-0.017808650607841984
4.116,-0.04120623096524983
4.117,-0.0024467482428946353
4.118,-0.060122896568544
4.119,-0.039431919905624245
4.12,-0.005490400378966441
4.121,-0.030734480167828305
4.122,-0.012772875121310706
4.123,-0.020229166768039333
4.124,0.014453842322846083
4.125,-0.03595988596317438
4.126,0.029570223848784712
4.127,-0.023015334908956006
4.128,0.0009396786196472664
4.1290000000000004,-0.01023027418787957
4.13,0.033208461093371826
4.131,-0.002398471705769603
4.132,-0.020412372120387004
4.133,0.015879128132457346
4.134,-0.006362221870190609
4.135,-0.02284390330181393
4.136,-0.009500686430349336
4.1370000000000005,-0.026373764998205734
4.138,0.0038400933124409765
4.139,-0.004865091924094629
4.14,0.008186891475681597
4.141,-0.004959433985293719
4.142,-0.012794995621781036
4.143,0.003488130484780443
4.144,-0.010845005679545366
4.1450000000000005,-0.003803151297713775
4.146,0.003144309796788437
4.147,-0.02081569791699183
4.148,-0.005636324517460127
4.149,-0.005372692804946654
4.15,-0.0006491862966206427
4.151,-0.003476620549985426
4.152,0.003642314886505553
4.1530000000000005,-0.011136330969589745
4.154,-0.005974005232932613
4.155,0.031077066949965888
4.156,0.003826377417689512
4.157,0.02124195285039278
4.158,-0.007558823980285504
4.159,-0.025905186016676372
4.16,-0.03318339575239033
4.1610000000000005,0.007524652300634264
4.162,-0.016057088597943102
4.163,-0.014380467298337302
4.164,-0.005370619829141006
4.165,-8.114542451832912e-05
4.166,0.01791240986008163
4.167,-0.03032874713978817
4.168,0.011481877118930041
4.1690000000000005,-0.008906080389024244
4.17,0.005731949113000936
4.171,-0.014027022927586348
4.172,-0.0018998058371781255
4.173,-0.003791590575485536
4.174,-0.006657753313392895
4.175,-0.04767146787401927
4.176,-0.017443741510772267
4.1770000000000005,-0.016722938632653443
4.178,-0.00964435110978126
4.179,-0.01111869937614132
4.18,-0.032150242604469956
4.181,-0.00767774210838153
4.182,-0.011892801592474713
4.183,0.0021581371269455037
4.184,-0.01288282767954062
4.1850000000000005,-0.008675074129018258
4.186,0.014606374471615587
4.187,-0.0071914420582164795
4.188,-0.01153580830676226
4.189,-0.0007770908219834585
4.19,0.013092495840885468
4.191,-0.05509447146839326
4.192,-0.024538569875510383
4.1930000000000005,-0.012308887687234123
4.194,0.0004811548994209129
4.195,-0.02568897601727709
4.196,-0.02069722299205367
4.197,-0.024522270790892566
4.198,-0.006309116398257332
4.199,-0.04356990373018896
4.2,-0.04020651559462551
4.2010000000000005,-0.01940571321764144
4.202,0.017279894141006603
4.203,-0.0024292721702505807
4.204,0.0008151179159524096
4.205,-0.03186205646079927
4.206,-0.0011633523401359922
4.207,-0.0030031668020739253
4.208,-0.0148272362609998
4.2090000000000005,0.00014000570555839677
4.21,-0.022628537144590725
4.211,-0.047161111807643756
4.212,-0.013844370540344528
4.213,-0.05366215932513311
4.214,0.003002047283443186
4.215,-0.0009347061055421015
4.216,-0.013217741937709424
4.2170000000000005,0.008969800456730376
4.218,-0.005821876768561555
4.219,-0.047448522809346014
4.22,-0.03973168761283321
4.221,-0.02155129126473076
4.222,-0.05045834710085642
4.223,-0.0005143636327995258
4.224,-0.02135849501268743
4.225,-0.022093232945925505
4.226,-0.025581300618989302
4.227,-0.004737024675361774
4.228,0.001209949523856068
4.229,0.0038021533349526003
4.23,-0.026139292120543958
4.231,0.027946533506906866
4.232,-0.008294280384032376
4.233,-0.02489235114685766
4.234,-0.043291900335612005
4.235,-0.03430721366984278
4.236,-0.0609568374378404
4.237,0.011629125268955274
4.238,-0.008035951741886614
4.239,0.002881219267595825
4.24,-0.007227594461036969
4.241,-0.018460925845537504
4.242,-0.0355210310653949
4.243,0.01534001392932598
4.244,0.01885901743181505
4.245,0.001969002931406425
4.246,-0.011940078438674288
4.247,-0.0030012050209713703
4.248,-0.02041778562668965
4.249,-0.028742346432878506
4.25,-0.017127175474636557
4.251,-0.015784271003020232
4.252,-0.011289971652505759
4.253,-0.029495689328084426
4.2540000000000004,-0.017666321930052457
4.255,0.03479157568351634
4.256,0.00831808993404114
4.257,-0.03463856213255413
4.258,-0.005783977206405032
4.259,-0.0451419991720675
4.26,-0.04519662378088375
4.261,-0.022945070062688148
4.2620000000000005,-0.016261654897077336
4.263,-0.035462349336825356
4.264,0.016081165248785292
4.265,0.0031557474143684523
4.266,-0.03199225094620932
4.267,0.006518919498206683
4.268,0.015487998478481091
4.269,0.009606491239116324
4.2700000000000005,-0.03517462751038926
4.271,-0.03752233776566152
4.272,-0.008961806979139817
4.273,-0.018768167058796345
4.274,0.0140188590426852
4.275,-0.008150281953707823
4.276,0.006556055213004819
4.277,0.013996340653265613
4.2780000000000005,-0.011196597927080472
4.279,-0.012012674743764846
4.28,-0.001067664594645656
4.281,-0.012945508809101652
4.282,-0.009805487315566332
4.283,-0.03560963959504097
4.284,-0.009684292406097443
4.285,-0.03230717998319402
4.2860000000000005,-0.032243606160437394
4.287,-0.01229633564920942
4.288,-0.03502872200535864
4.289,-0.006408372178043113
4.29,-0.029707426687091688
4.291,-0.02396258048396454
4.292,0.03320985881221412
4.293,-0.0413082266563642
4.2940000000000005,-0.02140686255296202
4.295,-0.023172533593434137
4.296,-0.043768409299957345
4.297,-0.011258311657639002
4.298,0.004021298460144228
4.299,-0.014343598066077469
4.3,-0.029369111686883102
4.301,-0.025254018459616764
4.3020000000000005,-0.02208106124684986
4.303,-0.016509266980484032
4.304,-0.03732876391785083
4.305,-0.021080719386269323
4.306,0.004399566173246439
4.307,0.023359472147950557
4.308,-0.0072582105788020134
4.309,0.009950468635107436
4.3100000000000005,0.01906560132666598
4.311,-0.018065072042504116
4.312,-0.032709275998278824
4.313,-0.015436873617833543
4.314,-0.020993931035775074
4.315,-0.02890375208464109
4.316,0.01777213410046593
4.317,-0.002826432063320315
4.3180000000000005,0.015521992621748687
4.319,-0.03252605730835503
4.32,-0.02712642392132236
4.321,0.009156407346640869
4.322,0.000810474608352993
4.323,-0.028120751392181544
4.324,-0.03120775116023516
4.325,-0.037896653094202155
4.3260000000000005,-0.022054643899131986
4.327,0.01657465477154528
4.328,-0.02194055044001299
4.329,0.01081348843385831
4.33,0.009032873052469435
4.331,0.007491956433343811
4.332,0.008458048867349327
4.333,-0.007392897142710115
4.3340000000000005,0.007188665339405066
4.335,-0.007980981510476824
4.336,0.00364739424354389
4.337,-0.018631619798389086
4.338,0.010906407629311849
4.339,-0.00023072623109030065
4.34,0.012960250385343465
4.341,-0.010327244251356883
4.3420000000000005,-0.016033952516708062
4.343,0.01613754755965188
4.344,0.0011567803780252192
4.345,-0.024139470321780165
4.346,-0.03342270072598308
4.347,-0.01283194689604138
4.348,-6.557442103706035e-05
4.349,0.01312459402441841
4.3500000000000005,-0.003947855589616842
4.351,-0.0100885532996635
4.352,0.02741064266652884
4.353,0.013325156881502511
4.354,-0.0199537130819165
4.355,-0.01987190325752196
4.356,0.0075808128033571995
4.357,0.005736634531241273
4.358,-0.002365843614384003
4.359,-0.07001911653643016
4.36,-0.0051133069104336275
4.361,-0.03618618575767641
4.362,0.014275408104251267
4.363,0.016023514709730412
4.364,-0.012637408636905446
4.365,0.005048200580739359
4.366,0.004464353832691253
4.367,-0.03202931790341215
4.368,-0.010736250254625476
4.369,-0.003686613495975517
4.37,-0.04311047475256503
4.371,0.030070583232226458
4.372,0.03375914588634296
4.373,-0.004185309244151864
4.374,-0.03685422201515831
4.375,-0.014768932983164281
4.376,-0.01698207309891771
4.377,0.00254944570450832
4.378,-0.0013871745943066353
4.3790000000000004,-0.01593578382569796
4.38,0.008391889591131742
4.381,-0.004993218398289849
4.382,-0.015355952858179742
4.383,0.024841281605581227
4.384,-0.023240491554692953
4.385,-0.03448947750790006
4.386,0.009872859555854954
4.3870000000000005,0.018865605120270308
4.388,-0.012552641357699448
4.389,-0.0035681123204188373
4.39,0.008569858138736976
4.391,0.01132841205939884
4.392,0.01542561309846266
4.393,0.022731775891419264
4.394,0.000746360353106081
4.3950000000000005,0.00924472661868166
4.396,0.005126635027787138
4.397,-0.018934435169425792
4.398,-0.0528939584272212
4.399,0.049963510344159884
4.4,-0.022329485882935034
4.401,0.017468742720415383
4.402,-0.02950599282546137
4.4030000000000005,0.002548651435464285
4.404,0.007035324670337601
4.405,0.013554876740732597
4.406,-0.012698200229168803
4.407,-0.0005959153391974911
4.408,-0.019554206774579544
4.409,-0.010660909131950225
4.41,-0.02832876984180559
4.4110000000000005,-0.021470849831364536
4.412,0.0012231324533112905
4.413,0.010805624982392213
4.414,-0.011553920720395565
4.415,-0.007731376772992835
4.416,-0.014008921674276056
4.417,-0.004903615250996393
4.418,-0.044608478590508746
4.4190000000000005,0.021923201972130622
4.42,-0.01655322845614521
4.421,0.03540560137968011
4.422,-0.015370931783880626
4.423,-0.005873093962588758
4.424,0.019654230351292074
4.425,-0.010044586176198956
4.426,0.003274208944849753
4.4270000000000005,-0.02415096501962256
4.428,0.008915739755890013
4.429,0.005862772548312807
4.43,-0.03313948476786582
4.431,0.016902582984265405
4.432,-0.04733578719929096
4.433,-0.019173111567069624
4.434,0.0011965086976357363
4.4350000000000005,-0.027899323627442095
4.436,-0.027544560087371318
4.437,0.014524573014039392
4.438,0.0013383145747621786
4.439,0.04849419957562804
4.44,0.02018789813041599
4.441,0.00922222397577728
4.442,-0.012789072293408903
4.4430000000000005,-0.006153273948802365
4.444,0.02767181488158474
4.445,-0.016192230128208918
4.446,0.004369444465980176
4.447,0.0012822553840484687
4.448,-0.04089276359426424
4.449,-0.02223109728548482
4.45,0.0021763617749622436
4.4510000000000005,-0.005429472921247436
4.452,0.04593041271905212
4.453,-0.01949103917795796
4.454,-0.03117763650739255
4.455,-0.01908372986096362
4.456,-0.012302297099620146
4.457,-0.01200400312093935
4.458,-0.025549471475533367
4.4590000000000005,-0.025751281464429586
4.46,-0.02422512592404472
4.461,-0.025865488369946465
4.462,-0.04679904564612806
4.463,0.0018347426860019127
4.464,0.01463540130212184
4.465,-0.003962003116771422
4.466,-0.00869752808533389
4.4670000000000005,0.0019923218168799287
4.468,-0.004659408476302215
4.469,0.023932451602962396
4.47,-0.011700225888995454
4.471,0.005371881938017211
4.472,0.007735848028040624
4.473,0.003148888998707061
4.474,0.01881788854556091
4.4750000000000005,-0.008709372498196583
4.476,-0.032584350209483665
4.477,-0.017344682207020134
4.478,0.012735497836442917
4.479,-0.03141254253786277
4.48,-0.0029751818394873493
4.481,-0.010489241300997452
4.482,-0.025700664656448362
4.483,0.013115246061283102
4.484,-0.0074967095156371205
4.485,-0.010418054773228914
4.486,-0.00012872191323326076
4.487,-0.00992241161351956
4.488,-0.0028520618496332027
4.489,-0.0002980970794078373
4.49,-0.01546351693338569
4.491,-0.02804702400609703
4.492,0.0030453645489381164
4.493,0.017387376932318323
4.494,-0.030687190418415874
4.495,-0.00480992543470267
4.496,0.002880273232220889
4.497,-0.007761720730643766
4.498,-0.018881579382040582
4.499,-0.01967791566945646
4.5,0.021953620115810674
4.501,-0.023835202155541028
4.502,-0.04884533838560195
4.503,-0.010408504746673807
4.5040000000000004,-0.038584185963818414
4.505,-0.02107291495910033
4.506,0.009284452007072152
4.507,-0.049923780855711884
4.508,-0.018193439763678272
4.509,-0.0095154687706076
4.51,0.023714470129943033
4.511,0.01314718619121226
4.5120000000000005,0.008803513994444522
4.513,0.02800766481279079
4.514,0.03376916365617008
4.515,-0.017437197706057797
4.516,-0.02947046644261839
4.517,0.012002687412774115
4.518,-0.007162318110767083
4.519,-0.023583389036465844
4.5200000000000005,-0.02480762466131887
4.521,-0.05892855843886154
4.522,-0.0018814292194693377
4.523,0.0017290061518565217
4.524,0.007785178135794495
4.525,-6.720867470608096e-05
4.526,-0.05287593700668032
4.527,-0.024887416638223445
4.5280000000000005,-0.0118204189398716
4.529,-0.026417075483271255
4.53,-0.014879431390868676
4.531,0.0033921155455343176
4.532,0.01260761016704981
4.533,-0.03508438759596851
4.534,-0.03776012706047944
4.535,0.006600465752548286
4.5360000000000005,-0.010603222031129017
4.537,0.003908708555429669
4.538,0.006424063797897436
4.539,0.009692416191595997
4.54,0.008565159883511777
4.541,-0.008940838565692711
4.542,-0.00652433780596824
4.543,0.009134880099966611
4.5440000000000005,-0.030900974484452115
4.545,-0.02314961188311657
4.546,-0.012942867639699433
4.547,-0.006279614788382794
4.548,0.006884138478377411
4.549,-0.048278402780885625
4.55,0.01073839813859895
4.551,0.007496945371420716
4.5520000000000005,-0.016812635704836616
4.553,-0.0500565084854782
4.554,0.006172451810109113
4.555,0.031818881926853906
4.556,0.005059433625190759
4.557,0.015211242775820158
4.558,-0.02745039874759957
4.559,-0.018017086123165393
4.5600000000000005,-0.026238073106277845
4.561,-0.029509705841142986
4.562,-0.031070909916934536
4.563,-0.029809558154601422
4.564,-0.0096838810343033
4.565,-0.04288234106086408
4.566,0.01114748847050407
4.567,-0.012706607180700654
4.5680000000000005,-0.02359611183868551
4.569,-0.06274462273140358
4.57,-0.01576866023888142
4.571,-0.05220131347734129
4.572,0.030714458857578182
4.573,-0.010866409481914936
4.574,-0.025422319647818506
4.575,-0.012117705785963863
4.5760000000000005,-0.03429222409459396
4.577,-0.04438182059574573
4.578,-0.024497078746731064
4.579,-0.01507970854989307
4.58,0.008487763826903107
4.581,-0.04438836091186644
4.582,-0.004146130970630842
4.583,-0.02083353306326538
4.5840000000000005,-0.002391315011763335
4.585,-0.017975153281197954
4.586,0.012237159150229996
4.587,-9.996856327133298e-05
4.588,-0.03363998082054342
4.589,-0.015021805385321798
4.59,-0.04349801350424271
4.591,-0.021916833934008263
4.5920000000000005,-0.025153350813391782
4.593,0.02974830830995145
4.594,0.008574292999235324
4.595,0.00483950078817759
4.596,0.015509080847467088
4.597,-0.04462455751028535
4.598,-0.038978496892151285
4.599,-0.03120458012722862
4.6000000000000005,-0.022377602469558625
4.601,-0.010288743437764364
4.602,-0.018615329075321048
4.603,-0.015032018811056362
4.604,-0.022728888439696646
4.605,-0.030619708437172675
4.606,-0.018187776224236507
4.607,0.024920115942585003
4.6080000000000005,0.010220059931845004
4.609,-0.0024312942937292255
4.61,-0.04858270822327403
4.611,-0.004484434320806531
4.612,-0.0237824400212267
4.613,0.006951490892746806
4.614,-0.011447111806385855
4.615,-0.03876073535063745
4.616,-0.03636696868637954
4.617,-0.02391581290480714
4.618,-0.011549630563365255
4.619,0.006999633602933594
4.62,-0.03461119637826301
4.621,-0.012414527700228514
4.622,0.004373349913909927
4.623,-0.01813761162065994
4.624,-0.019786513260729954
4.625,-0.017324769239915168
4.626,0.013432285004910489
4.627,0.023496258000602014
4.628,0.02520074701426126
4.6290000000000004,-0.0304800274018389
4.63,-0.04444490712322119
4.631,-0.04985805343851096
4.632,-0.013455971960184474
4.633,-0.01760857070178698
4.634,0.004133840549767925
4.635,-0.021010450859318627
4.636,-0.02487251930984358
4.6370000000000005,-0.022210517279324864
4.638,-0.0010414833862238747
4.639,0.03395433187325483
4.64,0.017320057092103828
4.641,-0.005077473981904277
4.642,-0.023271256782594535
4.643,-0.01219506354966222
4.644,-0.030676103485538907
4.6450000000000005,0.0064979664940601825
4.646,-0.00518521717891497
4.647,0.013097461220382313
4.648,-0.0028740346882959473
4.649,-0.012907206817572753
4.65,0.005743603708887318
4.651,-0.008866424226587408
4.652,-0.0063750152665375415
4.6530000000000005,-0.0045516652000246235
4.654,-0.0087783523522944
4.655,0.004912526036042787
4.656,-0.005802516395123394
4.657,-0.015944444484668266
4.658,-0.005167868118136765
4.659,0.011778032632633316
4.66,0.01649448049470803
4.6610000000000005,-0.03238426230581977
4.662,-0.023161441712211614
4.663,-0.03824000588616773
4.664,-0.033752775986403666
4.665,-0.007670288638193329
4.666,0.012887666560957719
4.667,-0.007411695865106074
4.668,-0.01203984722488072
4.6690000000000005,0.0011360971651760675
4.67,-0.036753116504223485
4.671,-0.003985038076662036
4.672,0.010996936074602412
4.673,0.010044738078166271
4.674,0.015251253448126285
4.675,0.03061601313851272
4.676,0.013998497609909009
4.6770000000000005,-0.026059823569818365
4.678,-0.0016256707108711927
4.679,0.017834209583851734
4.68,0.025303014436690748
4.681,-0.019999612094691914
4.682,-0.007092665260957975
4.683,-0.004389837914897559
4.684,0.02020552833191643
4.6850000000000005,-0.020212292311067838
4.686,-0.013936819435408164
4.687,-0.0362734534738511
4.688,-0.042200020139465666
4.689,6.393049617726965e-05
4.69,-0.014386180722789394
4.691,-0.04087837130921499
4.692,0.01977586039538009
4.6930000000000005,0.018145756443586205
4.694,-0.023834177543410523
4.695,-0.027079829700324104
4.696,0.018803439119470806
4.697,-0.0255855438996474
4.698,-0.0039933373948928645
4.699,0.0018966082494197112
4.7,-0.001629761766129439
4.7010000000000005,-0.017695766806864056
4.702,-0.007981409659561522
4.703,0.005352265609888925
4.704,0.023101083363822248
4.705,-0.037999391373762126
4.706,-0.008752074354469806
4.707,0.025005387262884003
4.708,-0.025182594635506445
4.7090000000000005,-0.015239438182231932
4.71,0.0029938059762503297
4.711,0.0006877720589503322
4.712,-0.029003316646485488
4.713,-0.020332980678127468
4.714,0.019727096279407403
4.715,-0.0035263724945494204
4.716,-0.019088797658455073
4.7170000000000005,-0.035669069873092804
4.718,-0.024765814333118148
4.719,-0.01067670407768698
4.72,0.006296868070254596
4.721,-0.006899932807500209
4.722,0.018192001897052418
4.723,-0.009820363512982589
4.724,0.014598882816622093
4.7250000000000005,-0.018864994422623765
4.726,-0.00038399317935587044
4.727,0.0006081547208577889
4.728,-0.01912598871222234
4.729,0.0010215246570981131
4.73,0.024011283137027443
4.731,-0.02120689165762909
4.732,-0.04685146811671154
4.7330000000000005,0.012244124904383836
4.734,-0.012324494371775865
4.735,0.013921331389505884
4.736,0.0204481121078612
4.737,-0.037784120792795126
4.738,-0.004109000812379485
4.739,-0.0010912011464099527
4.74,0.0005921494091966203
4.741,-0.003130993109257593
4.742,-0.029355457097411185
4.743,0.027504224153074654
4.744,-0.00862082388808815
4.745,-0.013889187963759262
4.746,0.031362723809647816
4.747,0.035901379439344024
4.748,0.007080931975549636
4.749,0.005795708109183036
4.75,0.008940891389591286
4.751,-0.0013956707709342443
4.752,0.0023547890199426416
4.753,-0.014378484263186976
4.7540000000000004,0.007768162337897313
4.755,0.011854845899208441
4.756,-0.026775795346743507
4.757,-0.026039940307665314
4.758,-0.00440116266615015
4.759,0.0117269520118674
4.76,0.006217894193657359
4.761,0.009821592738894342
4.7620000000000005,-0.014601816737128034
4.763,-0.012964824567229968
4.764,-0.009029116437766774
4.765,0.01402958000623112
4.766,-0.002882887845115734
4.767,0.033658567369027774
4.768,-0.01318324187095015
4.769,-0.002556092533312835
4.7700000000000005,0.008782371048840588
4.771,0.00028165661374546583
4.772,-0.02462693369947419
4.773,0.014521111414756357
4.774,-0.018214399072679514
4.775,0.0018819063763888958
4.776,0.02148008001974999
4.777,-0.004473502206089701
4.7780000000000005,0.015403873413081397
4.779,0.008750163468944878
4.78,-0.015907456720263752
4.781,0.004961329250692578
4.782,-0.0042964553274971425
4.783,-0.001040524850122529
4.784,-0.003159216123862556
4.785,0.0011396297976233312
4.7860000000000005,0.025128728246460817
4.787,0.02442071586247346
4.788,0.012386387610297124
4.789,0.015025945515676794
4.79,0.02304601127895045
4.791,-0.013526694209672509
4.792,-0.013155431750209225
4.793,0.039740928305292585
4.7940000000000005,-0.027747371241233564
4.795,0.0263818826546642
4.796,-0.012958492379611587
4.797,0.047051844902251894
4.798,0.013861192743816416
4.799,-0.011755781465778195
4.8,0.008588543884512773
4.801,0.027398284999426026
4.8020000000000005,-0.02078473694956076
4.803,-0.0038406840185254147
4.804,0.008943997540435684
4.805,-0.018726850950607058
4.806,-0.015468747104710913
4.807,-0.020134124567601958
4.808,0.02199212155290539
4.809,0.006122868637894744
4.8100000000000005,-0.010861594145969058
4.811,-0.007668168743625551
4.812,0.009588177566742219
4.813,0.00766231344395179
4.814,-0.007743261766164953
4.815,0.02289632372783254
4.816,-0.019606950404981845
4.817,0.01201848643973768
4.8180000000000005,0.016021131359205926
4.819,-0.003709965133851508
4.82,0.0015494363673675777
4.821,-0.014552974462078868
4.822,-0.007647952051942894
4.823,-0.021479967932455456
4.824,-0.0004056019927123905
4.825,-0.017290606140182824
4.8260000000000005,0.017012571728267426
4.827,0.0009160590354401093
4.828,-0.016177082761986424
4.829,-0.023477675450356554
4.83,-0.00261551263420608
4.831,0.004112094564300007
4.832,-0.025302671206579183
4.833,0.008538193426159588
4.8340000000000005,-0.009158773342110783
4.835,0.03285631580091358
4.836,-0.034161611281689624
4.837,-0.01853618003732892
4.838,-0.025772017914022415
4.839,-0.008789288811579896
4.84,-0.023793568288122336
4.841,-0.02072324181786786
4.8420000000000005,0.010100759334256991
4.843,0.014790514238213238
4.844,0.0077419328222812925
4.845,-0.0011665048864610652
4.846,-0.012463248603907198
4.847,-0.020028270878644235
4.848,-0.008607377664681408
4.849,0.012056157939248045
4.8500000000000005,-0.018088025194821052
4.851,0.008263463888261994
4.852,-0.009340862188818033
4.853,0.0024281269544489037
4.854,-0.007055660712455934
4.855,0.02667230762778322
4.856,0.02011018890649055
4.857,0.0053913656877964
4.8580000000000005,-0.0013890655975954157
4.859,0.0237329089870671
4.86,0.007058845766098016
4.861,-0.029566792392560964
4.862,-0.00466229521053629
4.863,-0.04830675958977835
4.864,-0.024023479596386926
4.865,-0.04371385615952752
4.866,-0.006874638806776663
4.867,-0.00869139019635373
4.868,0.007962350046136268
4.869,0.009288594160875348
4.87,-0.002479544552739589
4.871,0.025974717944267547
4.872,0.012922984498478418
4.873,0.019831973928383033
4.874,0.0004056788500700595
4.875,0.023489507691222836
4.876,0.0020452717527718895
4.877,0.0072168186992628055
4.878,0.01041159709438808
4.8790000000000004,-0.0017469030805075877
4.88,0.01375434388675621
4.881,-0.032425970501588394
4.882,0.015098866347444645
4.883,-0.03058616956133978
4.884,0.0056318360433167776
4.885,-0.03409014363473823
4.886,-0.01533851945824587
4.8870000000000005,0.013894222772441359
4.888,-0.01757685485898071
4.889,0.016136480186202406
4.89,-0.029340889985274864
4.891,0.021380902429330682
4.892,-0.02045872755263674
4.893,-0.0053368605818783065
4.894,0.018426764513027584
4.8950000000000005,-0.0136819339195275
4.896,0.013017409631479144
4.897,0.004362945831641278
4.898,-0.005501842862099123
4.899,0.011197551595805794
4.9,-0.015495888115972056
4.901,0.020315470065745467
4.902,-0.0274956081246773
4.9030000000000005,0.006336396287564778
4.904,0.008515068784226136
4.905,0.010091162971741226
4.906,-0.0019162142419995036
4.907,0.012161430615099845
4.908,-0.023421717147911157
4.909,0.014200906730855443
4.91,-0.0169139916349583
4.9110000000000005,0.0031253055277086017
4.912,-0.00416388779853226
4.913,0.007362839817714387
4.914,0.02912160129012711
4.915,0.030337817896637947
4.916,-0.015033938287934558
4.917,-0.05542270492800398
4.918,0.006370876219075301
4.9190000000000005,-0.01658910733131767
4.92,0.031031989044311172
4.921,-0.017545108320803797
4.922,-0.013348347680239481
4.923,0.012015085037593298
4.924,-0.009124919829180445
4.925,-0.013254810160746325
4.926,0.01389521542517326
4.9270000000000005,-0.02228760312935789
4.928,0.01725356288178355
4.929,0.0029868002203585816
4.93,-0.0057775660006861565
4.931,-0.04587059698571263
4.932,-0.008910932520563903
4.933,0.011674481792255147
4.934,0.0002110378285730694
4.9350000000000005,-0.025270839641381892
4.936,0.005665938061146211
4.937,0.020179708064221424
4.938,-0.029468048981189272
4.939,0.019212687293661358
4.94,0.005863263288973297
4.941,-0.014913909049453337
4.942,0.004378693704036931
4.9430000000000005,-0.017739280997188987
4.944,-0.02242790879020999
4.945,0.0027210866619465863
4.946,0.012105321535782722
4.947,-0.004286647173644936
4.948,-0.026908894597210797
4.949,-0.009790711706515876
4.95,-0.039474837095247996
4.9510000000000005,-0.016638565529212397
4.952,-0.01427093721769989
4.953,0.013255168494150604
4.954,0.003911370270600664
4.955,-0.0009578205855719124
4.956,-0.0011123276060902186
4.957,0.01576044293086195
4.958,0.009600131802944722
4.9590000000000005,-0.019844170005953232
4.96,-0.009298738521795195
4.961,0.017789408556210477
4.962,-0.0026394428100531744
4.963,0.00905412095145681
4.964,-0.008885355439143766
4.965,-0.011446518733805465
4.966,-0.02084631901785008
4.9670000000000005,-0.02888058219229428
4.968,0.011983054085647746
4.969,-0.014053384763757556
4.97,0.011490574710198004
4.971,0.023596559160409238
4.972,-0.017782490115761863
4.973,0.009894755092893935
4.974,-0.02861075332323635
4.9750000000000005,0.0065780150073397785
4.976,0.012782283223559798
4.977,-0.022862186766671493
4.978,-0.027171091157496035
4.979,-0.023026899156272162
4.98,0.02131383270094769
4.981,-0.00898026772317019
4.982,0.0005944608323645859
4.9830000000000005,0.020189798334097345
4.984,0.02103561855625107
4.985,0.039358673019433126
4.986,0.006442054255168494
4.987,-0.044552270043378604
4.988,-0.015191333549523138
4.989,-0.0017868078957573544
4.99,-0.011255990635725657
4.9910000000000005,0.010925972953304802
4.992,0.03175698655062937
4.993,0.015012526292634859
4.994,0.01257894163922557
4.995,-0.05363412534669705
4.996,0.01080016681692427
4.997,0.003962120514176364
4.998,-0.014263371308070967
4.999,0.0017622818018221843
5.0,-0.007055235445555315
5.001,0.01152711237847095
5.002,0.0015450488721589109
5.003,0.0009108481729872247
5.0040000000000004,0.008890871654878334
5.005,-0.006643998927551341
5.006,0.01186798053386487
5.007,-0.002155194551989514
5.008,0.06101218539725607
5.009,-0.007477701870185594
5.01,0.005315064457088721
5.011,-0.0003984752333469166
5.0120000000000005,0.031446152172166106
5.013,0.010874492756837429
5.014,-0.011034077287053154
5.015,-0.013653216813035263
5.016,-0.0031702284643011086
5.017,0.008744715345468647
5.018,0.0010200308322406192
5.019,-0.003887035038776277
5.0200000000000005,-0.00672243657830173
5.021,-0.0042293611434124495
5.022,-0.00582352617584355
5.023,0.010347786437344936
5.024,-0.0017949043282168183
5.025,0.022808626664255472
5.026,0.0044883517144819795
5.027,0.025356366059298217
5.0280000000000005,0.00027581644963135636
5.029,0.0035579944912472235
5.03,0.00820698756552197
5.031,0.047763311815194096
5.032,0.010940620157441315
5.033,0.04839619595657678
5.034,0.02031468102891922
5.035,0.01926996883590244
5.0360000000000005,0.03566618908330832
5.037,0.04531023283471903
5.038,0.016474875883428948
5.039,0.014487816821379102
5.04,0.005046845016920931
5.041,0.00216731065727962
5.042,0.0054628613945943046
5.043,0.01680109496228788
5.0440000000000005,0.0035645337821517513
5.045,-0.011018963420008873
5.046,0.019902086403787288
5.047,0.03439392744827881
5.048,0.018207298909142675
5.049,0.0325972667034991
5.05,-0.003164871298720005
5.051,0.05041062954224884
5.0520000000000005,0.015011881832882629
5.053,0.04113179828749677
5.054,0.04057696985106031
5.055,0.021043579200736996
5.056,0.05064298857427374
5.057,0.024442462091029182
5.058,0.016988115831183415
5.059,-0.015294353836537853
5.0600000000000005,0.025796959595031095
5.061,0.03610996474174134
5.062,0.03933300577199015
5.063,-5.215479839969575e-05
5.064,0.034105139788389076
5.065,-0.017503438057208102
5.066,0.02845777585233744
5.067,0.029017663800934415
5.0680000000000005,0.023432880770718922
5.069,0.007816600288174456
5.07,0.01738041945873909
5.071,0.022889937995166535
5.072,0.024521992559890033
5.073,0.042928454382315684
5.074,0.01868909918718164
5.075,0.032440137752613576
5.0760000000000005,0.040917386526537855
5.077,0.034908152700719695
5.078,0.017425883260257763
5.079,0.016298906350592286
5.08,0.02092228233569547
5.081,0.03368068380909197
5.082,0.0436717667499974
5.083,-0.0004689895180672171
5.0840000000000005,0.039260167289196235
5.085,0.02646140225973062
5.086,0.04070642506089317
5.087,0.009968372890282049
5.088,0.039271779425313555
5.089,0.028433098403428808
5.09,0.030173912051553835
5.091,0.04271938515956273
5.0920000000000005,0.04096096284023098
5.093,0.03280078767903616
5.094,0.08519010154227485
5.095,0.04788607153032348
5.096,0.04903144890328506
5.097,0.04036994091889713
5.098,0.023447953026631562
5.099,0.06961813218856337
5.1000000000000005,0.04621548826554279
5.101,0.025422393386895312
5.102,0.05306181124559839
5.103,0.04270551216845486
5.104,0.02370279752234588
5.105,0.007491245140159714
5.106,0.032170983474144224
5.107,0.0736215266190468
5.1080000000000005,0.049944819310364555
5.109,0.016039814374594927
5.11,0.019826862943418767
5.111,0.028589758201875787
5.112,0.05193981876213835
5.113,0.04418146754760681
5.114,0.05427206513784472
5.115,0.024279817995952448
5.1160000000000005,0.0253615295839525
5.117,0.018313617309644408
5.118,0.030900030939634386
5.119,0.0368286036568517
5.12,0.046168420469117094
5.121,0.012115523222699438
5.122,0.05916660576521181
5.123,0.04176628872422934
5.124,0.051548518267607354
5.125,-0.009114622634540409
5.126,0.0461058720112658
5.127,0.05079777128079834
5.128,0.032828598279715286
5.1290000000000004,0.04722670202718675
5.13,0.036362041896487986
5.131,0.06750587891193086
5.132,0.06247503088508434
5.133,0.039399178455032234
5.134,0.07171208937956697
5.135,0.024680671665702827
5.136,0.047664531501738744
5.1370000000000005,0.054022305795129476
5.138,0.0629018064631858
5.139,0.016749088703801526
5.14,0.08013694069119054
5.141,0.0334173732753201
5.142,0.008425949400406356
5.143,0.02734509732384882
5.144,0.02810169490205673
5.1450000000000005,0.04873646702734881
5.146,0.05533639254904668
5.147,0.026278755360134916
5.148,0.04115406026690035
5.149,0.05932281137986574
5.15,0.04801090199879654
5.151,0.04197005108820338
5.152,0.027004235605571823
5.1530000000000005,0.04898454932084148
5.154,0.0009946851857502437
5.155,0.030907178145068135
5.156,0.05634154715200707
5.157,0.07417026091579762
5.158,0.04888950042538246
5.159,0.050350523362429775
5.16,0.04267386222255749
5.1610000000000005,0.013582354383196243
5.162,0.03927325194031325
5.163,0.06231257247996846
5.164,0.05012690464984014
5.165,0.05800326488165942
5.166,0.022841644831994072
5.167,0.02734569612488543
5.168,0.05475906918778536
5.1690000000000005,0.0636271945911516
5.17,0.0695245270370859
5.171,0.01677955802897187
5.172,0.07206094059895843
5.173,0.04369045782281379
5.174,0.0960116576415627
5.175,0.040662887361529065
5.176,0.03320137915967678
5.1770000000000005,0.0190006894734571
5.178,0.046864573240230224
5.179,0.048947934564985
5.18,0.017521505974891733
5.181,0.034656863684857465
5.182,0.0327521886679717
5.183,0.03469345461392766
5.184,0.03801788728156568
5.1850000000000005,0.06601285476530419
5.186,0.04212566871795435
5.187,0.02737179753962653
5.188,0.036225284619132485
5.189,0.05096891179486233
5.19,0.041477850456027004
5.191,0.06182614677390265
5.192,0.020424166392610445
5.1930000000000005,0.04094813354682755
5.194,0.061455316224601875
5.195,0.06833505875517074
5.196,0.030799021702570165
5.197,0.03661947547992848
5.198,0.07585306954298927
5.199,0.062295092419627864
5.2,0.04940029705371837
5.2010000000000005,0.0688036395610361
5.202,0.050333047528628924
5.203,0.03821236723201147
5.204,0.059051143170384686
5.205,0.03572549194538529
5.206,0.013595746797376261
5.207,0.04708736237048136
5.208,0.019253930678680062
5.2090000000000005,0.05370418715677786
5.21,0.03445035131508219
5.211,0.04908217785795506
5.212,0.039201381544691175
5.213,0.04221472893756576
5.214,0.030328279975868636
5.215,0.06473362015529656
5.216,0.037744682935974806
5.2170000000000005,0.05217582678497193
5.218,0.0783773497171856
5.219,0.05366453817577746
5.22,0.046376404078236885
5.221,0.04169993559536604
5.222,0.03688385774034661
5.223,0.022895637580394434
5.224,0.058260306273916346
5.2250000000000005,0.05721312994065696
5.226,0.02337399254513473
5.227,0.016007084429264323
5.228,0.034322107996092296
5.229,0.03692763656139775
5.23,0.0557589446965821
5.231,0.0630020607726895
5.232,0.06625343288457901
5.2330000000000005,0.03002172079079278
5.234,0.05410767568079729
5.235,0.030424363495452852
5.236,0.05830989800859504
5.237,0.052504710957319706
5.238,0.06837852441460196
5.239,0.05615638571063719
5.24,0.039289530410733325
5.2410000000000005,0.03504289016498393
5.242,0.043551806436529276
5.243,0.052624310755945994
5.244,0.010422103385374984
5.245,0.03556705371246423
5.246,0.027666742253869687
5.247,0.0446262792119052
5.248,0.02173331285799022
5.249,0.05113159291878421
5.25,0.032568860528405554
5.251,0.016743530244924032
5.252,0.044932382203261484
5.253,0.059598269714701085
5.2540000000000004,0.050347767591422746
5.255,0.02529057760023292
5.256,0.03446754570255418
5.257,0.035948325858033515
5.258,0.07793409576138219
5.259,0.038029116304093044
5.26,0.02571166144349881
5.261,0.04650901762692227
5.2620000000000005,0.028694230156941565
5.263,0.07555100519423075
5.264,0.03832358967841132
5.265,0.030812608694467343
5.266,0.046551541213652736
5.267,0.03143663721291268
5.268,0.058699921744611167
5.269,0.06636019917928934
5.2700000000000005,0.06503881692666932
5.271,0.019042606703350826
5.272,0.02713810054132504
5.273,0.04834443995213326
5.274,0.04486508615455078
5.275,0.04930029470122443
5.276,0.046953143975751385
5.277,0.030962415649465634
5.2780000000000005,0.06307496692584062
5.279,0.033363359462196485
5.28,0.049130010612058836
5.281,0.045597554656674186
5.282,0.0336564685142072
5.283,0.03141132327484207
5.284,0.013407292712808973
5.285,0.04378449536014292
5.2860000000000005,0.02822018952171162
5.287,0.07101766806280509
5.288,0.04204439800135988
5.289,0.05043439555950535
5.29,0.05335620064843632
5.291,0.06406740596048861
5.292,0.057356222607911116
5.293,0.015959788104490447
5.2940000000000005,0.05209776885583446
5.295,0.047857279837060805
5.296,0.06377779332477199
5.297,0.03430945867871874
5.298,0.02658384227662716
5.299,0.02398901865187493
5.3,0.06765176556725125
5.301,0.042081595254963064
5.3020000000000005,0.018028412709196123
5.303,0.024901203730964848
5.304,0.03568356218721213
5.305,0.04768828311125706
5.306,0.061257335575257615
5.307,0.019879089782672228
5.308,0.05936394123934202
5.309,0.023721493910373693
5.3100000000000005,0.015732074445285293
5.311,0.017174022636814945
5.312,0.013994614674091261
5.313,0.03538817404780267
5.314,0.02135475302882874
5.315,0.05788397044812898
5.316,0.033051974872884624
5.317,0.04315375007660486
5.3180000000000005,0.021708960917738898
5.319,0.05125571567075347
5.32,0.060987046917171495
5.321,0.06276139488195367
5.322,0.05154629127170426
5.323,0.061276003673174956
5.324,0.0007838503290195087
5.325,0.04840591760661944
5.3260000000000005,0.05391569320956814
5.327,0.06785303532925008
5.328,0.03890001121646985
5.329,0.04104863217110145
5.33,0.004458127758008745
5.331,0.06318501672023626
5.332,0.03697156649267011
5.333,0.03985077503754614
5.3340000000000005,0.05206846069146665
5.335,0.021932957144947505
5.336,0.06342648689520866
5.337,0.05463157886446828
5.338,0.0478877816917298
5.339,0.07060833220043641
5.34,0.008960907858363336
5.341,0.014581144670622267
5.3420000000000005,0.08793589362468297
5.343,0.03897712301466089
5.344,0.0190551637517355
5.345,0.04718708208145181
5.346,0.0718744347972069
5.347,0.038500430409465686
5.348,0.06419655004905409
5.349,0.07719890638351634
5.3500000000000005,0.02145585229163455
5.351,0.035475264420263886
5.352,0.041664851528668084
5.353,0.04996108096455897
5.354,0.029375313018894594
5.355,0.06234094593821946
5.356,0.06918652382770304
5.357,0.01753580879627007
5.3580000000000005,0.03930453825137814
5.359,0.03502861419200756
5.36,0.03693260108052734
5.361,0.054234272633352267
5.362,0.04534149851123073
5.363,0.01983112983549482
5.364,0.027168970706175098
5.365,0.02185858862131215
5.3660000000000005,0.06173278083100894
5.367,0.0011454156432199672
5.368,0.017977291774163653
5.369,0.025569007215559204
5.37,0.05792226887116175
5.371,0.055053996239578365
5.372,0.060558079790441026
5.373,0.04261776289059163
5.3740000000000006,0.015450259707688888
5.375,0.004848699708624445
5.376,0.05422335602818897
5.377,0.03357934296480839
5.378,0.05899673880993653
5.3790000000000004,0.050923443586590636
5.38,0.034721941905728894
5.381,0.04108396772413118
5.382,0.04628006240836892
5.383,0.03392480674059396
5.384,0.05109430647247144
5.385,0.05579206992168692
5.386,0.07022983606163886
5.3870000000000005,0.05809361689831703
5.388,0.016698824869007447
5.389,0.05556867471725904
5.39,0.040942004408976135
5.391,-0.0014253865434777843
5.392,0.048612504053710724
5.393,-0.006361319853532974
5.394,0.05732302951908844
5.3950000000000005,0.06582243594981851
5.396,0.022516582856359057
5.397,0.03324893401110156
5.398,0.029256083401112416
5.399,0.06125390134402738
5.4,0.015670190610960744
5.401,0.03403501669829948
5.402,0.06035975438904681
5.4030000000000005,0.0048861199514894545
5.404,0.04718864854795497
5.405,0.0380071189988901
5.406,0.024039710601429325
5.407,0.052500560988416475
5.408,0.025126404009753633
5.409,0.03343454270105317
5.41,0.012887859218759536
5.4110000000000005,0.011563501051567542
5.412,0.018039285696068524
5.413,0.00031400091264249114
5.414,0.046852587189150544
5.415,0.02967854183444339
5.416,0.01744185775653302
5.417,0.025138327807373597
5.418,0.038963967160108824
5.4190000000000005,0.037982840224102844
5.42,0.008397606568395109
5.421,0.01941317386067703
5.422,0.0013765037708667743
5.423,0.017775766398075276
5.424,0.03622934157775736
5.425,0.018611798653336155
5.426,0.027831541767784195
5.4270000000000005,0.04070410828915465
5.428,0.04188300770098965
5.429,0.0542293110967349
5.43,0.0018789033436614547
5.431,0.053137602535009536
5.432,0.025984697889412323
5.433,0.03387040644537327
5.434,0.007876196370277944
5.4350000000000005,0.03446121933182176
5.436,0.007115699880814508
5.437,0.03458302921977342
5.438,0.02498787193018505
5.439,0.006906654005341328
5.44,0.02298151411642199
5.441,0.03458294185905185
5.442,0.026783200466022127
5.4430000000000005,0.036217365478341465
5.444,0.019990182616332286
5.445,0.0298437446347846
5.446,0.04722995960792882
5.447,0.03793628611995946
5.448,0.031216047352195783
5.449,0.008759062755073634
5.45,0.024690887849357107
5.4510000000000005,0.024152260052217326
5.452,0.004454876740268576
5.453,0.01202045756264246
5.454,0.04875886089694859
5.455,0.02416313390945499
5.456,0.026266175159931997
5.457,0.01470388825013194
5.458,0.023602170361069166
5.4590000000000005,0.01639615426885503
5.46,0.03899002690475849
5.461,0.03215642379481539
5.462,0.02291497641856083
5.463,0.01201472740269846
5.464,0.03410533870216134
5.465,0.015454522028676431
5.466,0.002831503566036668
5.4670000000000005,0.013128277592862489
5.468,0.024085063412744485
5.469,0.014131548653686547
5.47,-0.0023201076772100242
5.471,0.03566953396531595
5.472,0.011355867379137033
5.473,0.002169514239686644
5.474,0.03624142625748032
5.4750000000000005,0.05063812448291004
5.476,0.03202030938934649
5.477,0.049914785134117644
5.478,0.028252676749700535
5.479,0.039910984903132524
5.48,0.01849662485783525
5.481,0.017925772502416656
5.482,0.02484492099507178
5.4830000000000005,0.010399445612076778
5.484,-0.004599850129088115
5.485,0.009447999433650787
5.486,0.01486579985530552
5.487,0.007215040948963006
5.488,-0.021693968585213774
5.489,0.0022269440267665554
5.49,0.028608447261693537
5.4910000000000005,0.0069166620236509845
5.492,0.043161785427163646
5.493,-0.000857022472665643
5.494,0.011699288682007385
5.495,0.016256564896552833
5.496,0.026925518123648507
5.497,-0.0012248742752660417
5.498,0.0032621940632314387
5.4990000000000006,-0.007927333643030306
5.5,0.014961685139432412
5.501,0.029658173500782828
5.502,-0.01419418662110436
5.503,0.002324538149328967
5.5040000000000004,-0.0001356130789629199
5.505,0.0004503798729613201
5.506,-0.0055395833672682035
5.507,0.02102395458869122
5.508,-0.008534605715429057
5.509,-0.02058379138934412
5.51,0.026862808838740735
5.511,-0.014914228952309417
5.5120000000000005,0.005301846444101619
5.513,0.02129595634055158
5.514,0.008750799063499745
5.515,-0.025720721488373836
5.516,0.035237394385912675
5.517,0.01037263879015684
5.518,-0.01460762230069797
5.519,-0.01458086182998434
5.5200000000000005,0.04454272590130044
5.521,0.03329530452086986
5.522,-0.003684305449078282
5.523,-0.01844659534871433
5.524,-0.011803256815812306
5.525,0.004010638385591494
5.526,-0.02741032363214723
5.527,0.006541003791126766
5.5280000000000005,-0.012693106957232202
5.529,-0.02146481378189497
5.53,0.009396072875884768
5.531,0.007968108263692738
5.532,0.03813073379547638
5.533,-0.012037213234679938
5.534,0.02126390627212691
5.535,-0.01406815410306832
5.5360000000000005,0.005441643385423082
5.537,0.04016639751733994
5.538,-0.016459662615734574
5.539,-0.003400117594957737
5.54,-0.037070413403451956
5.541,0.027579284272339095
5.542,0.015971901828816745
5.543,-0.005468583597077814
5.5440000000000005,-0.014218749487141512
5.545,-0.009957710980183632
5.546,-0.005061650378638709
5.547,-0.0027046814766905243
5.548,-0.001183910361185479
5.549,-0.006964046776438239
5.55,-0.003500105942116737
5.551,0.02548470095728201
5.5520000000000005,0.009290394040664045
5.553,-0.03929072751616594
5.554,-0.002630689349666643
5.555,-0.02738762795045241
5.556,-0.037721172932690825
5.557,-0.01377076132046365
5.558,-0.04975407796748967
5.559,-0.01817104106126536
5.5600000000000005,0.0407784355872654
5.561,-0.027952817005530317
5.562,-0.021681382955598082
5.563,-0.012397486516776642
5.564,-0.05471980029364494
5.565,-0.051891837150485204
5.566,-0.033350301791763605
5.567,-0.0006742017285423195
5.5680000000000005,-0.021536484320095632
5.569,-0.03102064755327349
5.57,-0.03262313488934809
5.571,-0.0028112357033850364
5.572,0.012717697749698064
5.573,-0.027673076478644008
5.574,-0.05386094863073609
5.575,-0.06502502983441526
5.5760000000000005,-0.013839168038210524
5.577,-0.012012871688011188
5.578,-0.05563768715349796
5.579,0.014278703209209171
5.58,-0.025034883015172198
5.581,-0.02551821341618131
5.582,-0.01706394794139862
5.583,-0.035451012838876264
5.5840000000000005,-0.014658179981504772
5.585,0.011178185439345446
5.586,-0.034297310507093906
5.587,-0.02207453436177622
5.588,-0.02276455280183458
5.589,-0.0561446310053699
5.59,-0.007062446235634453
5.591,-0.01355184123228048
5.5920000000000005,-0.0163164771559561
5.593,-0.03892946269904784
5.594,0.015779127987516985
5.595,-0.030699979204447878
5.596,-0.03854760092498473
5.597,-0.004898817551895546
5.598,-0.005254266858690241
5.599,-0.01820747775190519
5.6000000000000005,-0.03209943201239193
5.601,-0.03744545731372016
5.602,-0.014763461849013707
5.603,-0.04460777335765456
5.604,-0.04877620903107806
5.605,-0.04137143896255829
5.606,-0.05994045122061928
5.607,-0.020508032403821465
5.6080000000000005,-0.03148387124364199
5.609,-0.016321084699579463
5.61,-0.012309637753929865
5.611,0.001486844088718079
5.612,-0.07863154063855175
5.613,-0.02634787128626557
5.614,-0.01861527000393676
5.615,-0.03749806983813769
5.6160000000000005,0.0014967121648868584
5.617,-0.002042236866548173
5.618,-0.010579870250475226
5.619,-0.025880196476327534
5.62,-0.019686612306962913
5.621,0.0004694730032528162
5.622,-0.020107549625226966
5.623,-0.01965332911838886
5.6240000000000006,-0.022385493934610933
5.625,-0.016571431452399032
5.626,-0.02200701421633104
5.627,-0.029476880102575664
5.628,-0.03704528752584842
5.6290000000000004,-0.016363552277359313
5.63,-0.000364289477318782
5.631,-0.023643717671960586
5.632,-0.03758734783254566
5.633,-0.02578791967355617
5.634,-0.041943497198009314
5.635,-0.031081077895506626
5.636,-0.03116280768734286
5.6370000000000005,-0.04694206313352543
5.638,-0.028935480331797225
5.639,-0.04757399209953355
5.64,-0.06262898242105527
5.641,-0.025867320544637654
5.642,-0.027309796950775393
5.643,-0.004062996138936896
5.644,-0.011685238105924159
5.6450000000000005,-0.018071866266149948
5.646,-0.025300454801223744
5.647,-0.011139787535678545
5.648,-0.019251613902690784
5.649,-0.04176959507474809
5.65,-0.008966309173731927
5.651,-0.042517897733563736
5.652,-0.040641562782857625
5.6530000000000005,-0.020898022600249172
5.654,-0.02605318273110195
5.655,-0.019017581581406293
5.656,-0.017833463084183643
5.657,-0.03585949047897168
5.658,-0.025836181007836446
5.659,-0.06387198003554721
5.66,-0.01682452672523598
5.6610000000000005,-0.02592006740941408
5.662,-0.018649470563290575
5.663,-0.03613605499641999
5.664,-0.05478201687397715
5.665,-0.031122899238939315
5.666,-0.045984307070401464
5.667,-0.01885604150206334
5.668,-0.010285995609524742
5.6690000000000005,-0.03973058143856879
5.67,-0.05103052527172171
5.671,-0.0419224616050178
5.672,0.004036532997072961
5.673,-0.06218203090345807
5.674,-0.024887559210143427
5.675,-0.04829126646937777
5.676,-0.02087765669537729
5.6770000000000005,-0.06204022495890703
5.678,-0.06326857093848674
5.679,0.0032181837703965308
5.68,0.00231668050487379
5.681,0.0022455046738982104
5.682,-0.03413549962729943
5.683,-0.03393782526470922
5.684,0.008146470851370505
5.6850000000000005,-0.04871680693760542
5.686,-0.05796244301450569
5.687,-0.028868677846485155
5.688,-0.00917508919502141
5.689,-0.042708973487182306
5.69,-0.03503961290566087
5.691,-0.024597804733387886
5.692,-0.07411909036040064
5.6930000000000005,-0.028777953137802348
5.694,-0.02006338422273647
5.695,-0.019475829143136062
5.696,-0.012640398640722673
5.697,-0.04756595932446207
5.698,-0.0013003489279632269
5.699,0.04614594908254446
5.7,0.000939785042583019
5.7010000000000005,-0.03960879676599689
5.702,-0.014279464615271433
5.703,-0.018047572311266784
5.704,-0.03618577898975625
5.705,-0.020632167923399662
5.706,-0.058495576865561366
5.707,-0.036088622478966007
5.708,-0.023546000108094284
5.7090000000000005,-0.03806281217868072
5.71,-0.004343116251660499
5.711,-0.026135911301519047
5.712,-0.03586832987557673
5.713,-0.053972569745784335
5.714,-0.024087911928766394
5.715,-0.036760877040210097
5.716,-0.004511701239885528
5.7170000000000005,-0.029037378398108854
5.718,0.009775373324947857
5.719,-0.0030229506465446893
5.72,-0.03598372574501129
5.721,0.010835661635007786
5.722,-0.03125765143204674
5.723,-0.024870529301333162
5.724,-0.01621199128004386
5.7250000000000005,-0.04088295409706054
5.726,-0.015039622607888742
5.727,-0.03876836639645663
5.728,-0.0445761029813347
5.729,-0.030777763517698606
5.73,-0.036677885812826314
5.731,-0.018598299004436387
5.732,0.002715293055534536
5.7330000000000005,-0.0039651201326586505
5.734,-0.06437442429165119
5.735,0.017755281425517827
5.736,-0.04269905855345112
5.737,-0.034943387707674696
5.738,-0.05822796687597526
5.739,-0.006138056594613611
5.74,-0.0717641708354379
5.7410000000000005,-0.0316832236771003
5.742,-0.030751909540010915
5.743,-0.043041354398604674
5.744,-0.03262690315001848
5.745,-0.03324433550289094
5.746,-0.018005698060523212
5.747,-0.04619093588033425
5.748,-0.020211392227093544
5.7490000000000006,-0.02801334073125796
5.75,-0.014115803822310074
5.751,0.0037869750152647735
5.752,-0.027285857763669787
5.753,-0.01384016358212755
5.7540000000000004,-0.012929192733508899
5.755,-0.03152139969974113
5.756,-0.073489218052754
5.757000000000001,-0.03665437517331173
5.758,-0.03235597898535973
5.759,-0.020008639961770058
5.76,-0.05766400867575869
5.761,-0.04827486698874193
5.7620000000000005,-0.05195285278402724
5.763,-0.017730949341652657
5.764,-0.03580445294580692
5.765,-0.0035961954282693817
5.766,-0.02210857525705185
5.767,-0.03160222042622837
5.768,-0.03776132109889612
5.769,-0.028968354585680266
5.7700000000000005,0.00012996227889069262
5.771,-0.03341962826847491
5.772,-0.024040784538617962
5.773,-0.007500364654564225
5.774,-0.001448341817536343
5.775,-0.050680979637537246
5.776,-0.009213368612441049
5.777,-0.02101288952516834
5.7780000000000005,-0.029028897249173014
5.779,-0.055744306080269666
5.78,-0.0264757226138159
5.781,-0.018036131133967227
5.782,-0.06524851834142764
5.783,-0.008220363218232399
5.784,-0.04689926508395413
5.785,-0.018341721041534982
5.7860000000000005,-0.011495630003591266
5.787,-0.05273511168437604
5.788,-0.017977298467545137
5.789,-0.03785987785208027
5.79,-0.007999388475254401
5.791,-0.02626265157874029
5.792,-0.02620306658147624
5.793,-0.03922040892717819
5.7940000000000005,-0.0068234925107290775
5.795,-0.05889034310438205
5.796,-0.03353009296367273
5.797,-0.01964343769673844
5.798,-0.03148808964717415
5.799,-0.012956741535523422
5.8,-0.018873972915086783
5.801,-0.014896068413939548
5.8020000000000005,-0.03640040618323598
5.803,-0.030473401356740305
5.804,-0.041074978906298645
5.805,-0.012236794991101436
5.806,-0.034798940825024625
5.807,-0.009788293150114667
5.808,-0.027762740745317996
5.809,-0.07725904760491875
5.8100000000000005,-0.01890909718056203
5.811,-0.00825865301485627
5.812,-0.02496297930346989
5.813,-0.031568785926407786
5.814,-0.038993670042408966
5.815,-0.016417296138857496
5.816,-0.03609123818476801
5.817,-0.046633657263391644
5.8180000000000005,-0.040360926027455564
5.819,-0.013053183379592735
5.82,-0.01245541291719975
5.821,-0.0352198803663429
5.822,-0.032179005675732356
5.823,-0.04417451306156573
5.824,-0.016706074114910267
5.825,-0.016453874869682476
5.8260000000000005,-0.036514786939474096
5.827,-0.05783410795922406
5.828,-0.042221019647947236
5.829,0.02073854553473358
5.83,-0.019469148159774685
5.831,-0.008516455872867819
5.832,-0.03275200910813815
5.833,-0.029280408779765395
5.8340000000000005,-0.009142420471793755
5.835,-0.0595904539449509
5.836,-0.0006845803002963197
5.837,-0.02279575083642609
5.838,-0.028363996058235197
5.839,-0.0016089226372248133
5.84,-0.021728297829249524
5.841,-0.039729485409099624
5.8420000000000005,-0.027939103119008702
5.843,-0.027713206146246196
5.844,-0.030651972628743647
5.845,-0.05562787075669149
5.846,0.00421272649725812
5.847,-0.011526068524110596
5.848,-0.04758330496335457
5.849,-0.04196820148354261
5.8500000000000005,-0.014521651925779335
5.851,-0.04823193569615654
5.852,-0.025095038212305215
5.853,-0.024667342471029433
5.854,-0.02752749963004735
5.855,-0.03875918482449231
5.856,-0.026655856914956644
5.857,-0.04545267045768113
5.8580000000000005,-0.010264782291760477
5.859,-0.03560726236210142
5.86,-0.0645794274953754
5.861,-0.015025661468510197
5.862,-0.03559815043840914
5.863,-0.015519265396125291
5.864,-0.018081117751342066
5.865,-0.021716393359589345
5.8660000000000005,-0.013967007539624326
5.867,-0.026869328376104874
5.868,-0.0049670991894111526
5.869,-0.048779020481629534
5.87,-0.049317195614990886
5.871,-0.0404829958409002
5.872,-0.019033946002035118
5.873,-0.03739757585495561
5.8740000000000006,-0.024725647009287206
5.875,-0.007277076154984755
5.876,-0.02531648693552152
5.877,-0.04397616357105244
5.878,-0.023895994214185753
5.8790000000000004,0.009544377127837445
5.88,-0.04036583732626046
5.881,-0.04267634152474457
5.882000000000001,-0.028767759536470063
5.883,0.017627703230510328
5.884,-0.06459441182796662
5.885,-0.01113385516010286
5.886,-0.01297791793217816
5.8870000000000005,-0.029283985164502244
5.888,-0.05358364042557179
5.889,-0.03047708250543637
5.89,0.0022696070107395827
5.891,-0.0007938609756907265
5.892,-0.04187590450769193
5.893,-0.006006011960526483
5.894,-0.02774271469957019
5.8950000000000005,-0.038800236777116165
5.896,-0.02804829170076492
5.897,-0.020849745403182067
5.898,-0.04714680095913405
5.899,0.005120345875951841
5.9,0.006267037661752954
5.901,-0.0055645216445441015
5.902,-0.02272843691275716
5.9030000000000005,-0.04048197599345095
5.904,0.01346554044042714
5.905,-0.006278297667130804
5.906,0.013345304682849876
5.907,-0.016706106996128428
5.908,-0.029040833056816706
5.909,-0.0026479630959479403
5.91,-0.019346384771658395
5.9110000000000005,0.023768204497618173
5.912,-0.027815666063267998
5.913,-0.00499259310716034
5.914,-0.024102837668607234
5.915,-0.0013490363346044289
5.916,-0.024041873081709624
5.917,-0.04148638782274107
5.918,0.028484438564298064
5.9190000000000005,-0.005352356973059219
5.92,-0.023263691898601245
5.921,0.0023319604048416473
5.922,-0.015552163773692913
5.923,-0.01166695477936921
5.924,0.024701093748070967
5.925,-0.015856771277890074
5.926,-0.012224377855005068
5.9270000000000005,-0.007508462327117108
5.928,-0.004531152234816236
5.929,-0.0066027407364917575
5.93,0.03801458762768052
5.931,0.018285500075053703
5.932,0.015507651154036836
5.933,-0.005602486729542198
5.934,-0.01228045821966538
5.9350000000000005,-0.005326180768040185
5.936,0.0029724385072783348
5.937,-0.008009448118138668
5.938,0.009575566656107868
5.939,-0.024686649885716908
5.94,-0.05733446254995435
5.941,-0.007067494192857644
5.942,0.029676486214013902
5.9430000000000005,-0.0048851964588197145
5.944,-0.02449136608977477
5.945,-0.008121449164062666
5.946,-0.04951712075044973
5.947,-0.022238236156544952
5.948,-0.003988459228023174
5.949,-0.015362507228419142
5.95,-0.04518025881436437
5.9510000000000005,-0.0020208337627450404
5.952,-0.0460384243887088
5.953,-0.001990068790901923
5.954,-0.044569841703177966
5.955,0.022803365776943647
5.956,-0.027832263628254743
5.957,-0.005609595915989364
5.958,0.004874378762998455
5.9590000000000005,-0.04045405516115052
5.96,-0.04509436713776825
5.961,-0.03779420845976729
5.962,0.03739948155954693
5.963,-0.05079955646814674
5.964,0.025687774003491023
5.965,0.0015851839423563704
5.966,0.020419480371937207
5.9670000000000005,0.005219809754175177
5.968,0.010024739078077853
5.969,0.0028864100356730355
5.97,-0.041715545982549486
5.971,-0.002800764862121243
5.972,-0.014594706402090329
5.973,-0.014392487018871667
5.974,-0.013847077424666732
5.9750000000000005,0.01594577048440041
5.976,0.00716239511986516
5.977,0.012178242300633108
5.978,-0.025758160781897528
5.979,0.03736796195455837
5.98,-0.006424586367237962
5.981,-0.014821772001877846
5.982,0.01642901428550297
5.9830000000000005,0.010633722671527146
5.984,0.0584889494709345
5.985,-0.0028170039027713006
5.986,0.016555233388892927
5.987,0.008734261725426119
5.988,0.019632865698613867
5.989,0.021029884049926596
5.99,-0.025718185599126933
5.9910000000000005,-0.018026356640221015
5.992,0.00589313118538155
5.993,0.01748773443903528
5.994,0.044625942895371515
5.995,-0.01304043408113869
5.996,0.022779783007261082
5.997,0.010640275993718602
5.998,0.029698855289578923
5.9990000000000006,0.021387302061907525
6.0,0.031059762733602315
6.001,0.042120552989722594
6.002,-0.005126388481392197
6.003,0.0459235494786969
6.0040000000000004,-0.020937121772014743
6.005,0.017313908332019668
6.006,0.016578638726457675
6.007000000000001,-0.008634272898675039
6.008,0.011211364769898995
6.009,0.01588954202437497
6.01,0.010556504542909946
6.011,0.03333050692765496
6.0120000000000005,0.019728359919885724
6.013,0.03512629964036114
6.014,0.01701047990503525
6.015000000000001,0.02754101437560417
6.016,0.010059468052102505
6.017,0.02656083018916491
6.018,-0.0010551500653353191
6.019,0.0161422617485098
6.0200000000000005,0.011766372820491231
6.021,0.014994317452036322
6.022,0.009523374287667533
6.023,0.03667330960045565
6.024,0.024283879284359412
6.025,-0.02693855578035837
6.026,-0.0020057396875995254
6.027,0.030806196406804046
6.0280000000000005,0.013335219847543031
6.029,0.03261399372939862
6.03,0.01507260025805808
6.031,0.04948674508336011
6.032,0.03862993762218276
6.033,-0.006748252003066606
6.034,0.02878922386334807
6.035,0.0013619747917731125
6.0360000000000005,0.026779152467410895
6.037,0.0246223277171582
6.038,0.021048436022484913
6.039,-0.01226945353335952
6.04,0.06005214088618925
6.041,0.01186048790079345
6.042,0.03650393823983458
6.043,0.03988407020548818
6.0440000000000005,-0.011343814407324605
6.045,0.04594247283872922
6.046,-0.006662592637892983
6.047,0.013597698459447525
6.048,0.0389934308985104
6.049,-0.009898024621625284
6.05,0.030392872147289328
6.051,0.02535473290923132
6.0520000000000005,0.013805629341003996
6.053,0.025912049641562143
6.054,0.020608385553314363
6.055,0.013250895113494546
6.056,0.049485705683592514
6.057,0.018263287961792343
6.058,0.02333663362641212
6.059,0.01451403863659697
6.0600000000000005,0.0058271830696012
6.061,0.014449217955821205
6.062,0.05403445458100616
6.063,0.056688194369606586
6.064,0.033115108555934
6.065,0.07960038890010625
6.066,-0.001224722031681046
6.067,0.045269269613290204
6.0680000000000005,0.035357922944977666
6.069,0.02349024401458734
6.07,0.046085585199245147
6.071,0.03668685409655625
6.072,0.027344865424994022
6.073,0.03964362591597612
6.074,0.028434339951377997
6.075,0.02219557631455422
6.0760000000000005,0.04193093810769656
6.077,0.042721805492413716
6.078,0.05519174725593317
6.079,0.03872684206587054
6.08,0.07917665751740835
6.081,0.024748712606197786
6.082,0.015201067889463673
6.083,0.03869551523824568
6.0840000000000005,0.01591970988279697
6.085,0.04174563515626052
6.086,-0.016095500246006027
6.087,0.029552252670540385
6.088,0.02773446153974821
6.089,-0.004550001021629217
6.09,0.04704786372003645
6.091,0.006221923160982135
6.0920000000000005,0.052417921769391085
6.093,0.0019640989457438245
6.094,0.08351647423232209
6.095,0.02504069422079548
6.096,0.022605253905665885
6.097,0.00310581026052208
6.098,0.030479360895042558
6.099,0.02667850299336231
6.1000000000000005,0.05117870824572526
6.101,0.029449707311209196
6.102,0.027148231360623505
6.103,0.051243230071070275
6.104,0.01719048062659499
6.105,0.03396380507129088
6.106,0.009817016952633466
6.107,0.016639657665670406
6.1080000000000005,0.06433086483417458
6.109,0.0372379149654559
6.11,0.06956023772459169
6.111,0.06101333550227374
6.112,0.03254800713805572
6.113,0.024599067313879838
6.114,0.0132205350718648
6.115,0.07482432304981436
6.1160000000000005,0.027644902436797777
6.117,0.021343972382187375
6.118,0.0034696378465922904
6.119,0.04596691872886177
6.12,0.06912202799478949
6.121,0.027265143424672653
6.122,0.04685628721628017
6.123,0.041168701490480505
6.1240000000000006,0.06719111809482048
6.125,0.017485880887413444
6.126,0.05161436144212179
6.127,0.029249400481721824
6.128,0.03946543026699309
6.1290000000000004,0.018855801508344674
6.13,0.030916220016922485
6.131,0.027134466061847197
6.132000000000001,0.05906082940212086
6.133,0.00780186642661021
6.134,0.04422210977537282
6.135,0.06645914514577658
6.136,0.03193421061720207
6.1370000000000005,0.04115053003566145
6.138,0.09006425385185514
6.139,0.0103241955146758
6.140000000000001,0.025785307912121587
6.141,0.03405784349364393
6.142,0.055005470086622016
6.143,0.011909885153754402
6.144,0.020491385220520065
6.1450000000000005,0.014792105134219989
6.146,0.03997024837311023
6.147,0.031220615869494154
6.148,0.01096208656362261
6.149,0.05368332375186321
6.15,0.010309206314104438
6.151,0.0134387532250754
6.152,0.0020441522318733404
6.1530000000000005,0.042538700524127296
6.154,0.031119237541774585
6.155,0.04847681501825816
6.156,0.008833143806746716
6.157,0.04210348267783353
6.158,0.03107267932903677
6.159,0.06381907687420042
6.16,0.03085949372942154
6.1610000000000005,0.024218313543527603
6.162,0.04696197902126538
6.163,0.07075846491954788
6.164,0.043958994087444525
6.165,0.04574914545484632
6.166,0.023512164161357877
6.167,0.019788766139062136
6.168,0.027268844715304084
6.1690000000000005,0.05524304538407898
6.17,0.04803217713163597
6.171,0.0395546184913624
6.172,0.044188454594038876
6.173,0.042331236513682924
6.174,0.019435988471799157
6.175,-0.0026104723514694186
6.176,0.05827964867379934
6.1770000000000005,0.05248989061917145
6.178,0.0027010502375622615
6.179,0.05543134458567904
6.18,0.04457804073914532
6.181,0.03846465428351904
6.182,0.04344988326516882
6.183,-0.00987719963763583
6.184,0.054357320713114554
6.1850000000000005,0.036491604061331624
6.186,0.016159601322690422
6.187,0.026453506778300363
6.188,0.06984526923032248
6.189,0.05768616549760838
6.19,0.0630496217469396
6.191,0.03869847202993627
6.192,0.018420606984970223
6.1930000000000005,0.03202016946089392
6.194,0.0813148315932155
6.195,0.03347936051088883
6.196,0.050675919326150384
6.197,0.02358632997541759
6.198,0.027845328723227578
6.199,0.0012256423043694037
6.2,0.0475795276378488
6.2010000000000005,0.0431757824523276
6.202,0.04409103802237196
6.203,0.025581502161897862
6.204,0.026690986824384668
6.205,0.06537435104267435
6.206,0.005437229331172487
6.207,0.05187665998303877
6.208,0.04890257526436202
6.2090000000000005,0.05401509896854655
6.21,0.005083504047169708
6.211,-0.011228748519368524
6.212,0.0354104659008206
6.213,0.07632657603617946
6.214,0.04106074697504958
6.215,0.04342885434280201
6.216,0.0433802913807126
6.2170000000000005,0.06857617954892961
6.218,-0.002650727860431218
6.219,0.08864816697819217
6.22,0.034277854832477694
6.221,0.01598284065307512
6.222,0.04023835251660718
6.223,0.0699558478048529
6.224,0.07010419081237021
6.2250000000000005,0.04327731169026158
6.226,0.023579896324001114
6.227,-0.008491505485464006
6.228,0.06331722565783364
6.229,0.03559818928612028
6.23,0.03695825063383406
6.231,0.044690223458326156
6.232,0.044639574228634134
6.2330000000000005,0.045963033129773526
6.234,0.05251957180140607
6.235,0.04342011080237382
6.236,0.05946960940957068
6.237,0.02784224372165612
6.238,0.04307296233888215
6.239,0.01711227082309349
6.24,0.02781692407526014
6.2410000000000005,0.04400390414140734
6.242,0.049772502916147154
6.243,0.03249730958458953
6.244,0.05373113139796642
6.245,0.029316072592068886
6.246,0.033874901872945326
6.247,0.07100781275728951
6.248,0.04009346256641415
6.2490000000000006,0.06133354384632583
6.25,0.013236293308799437
6.251,0.06293287144441535
6.252,0.06120946384331124
6.253,0.06384006088683325
6.2540000000000004,0.041884940913476096
6.255,0.024990023532536737
6.256,0.04074002321732209
6.257000000000001,0.0439278410357761
6.258,0.016239144049974334
6.259,0.03812566548576397
6.26,0.028153365017319368
6.261,0.08342040522750332
6.2620000000000005,0.03208085141669041
6.263,0.04826683064911132
6.264,0.04617921519598786
6.265000000000001,0.046470866101590666
6.266,0.048506144112597745
6.267,0.02525105381099812
6.268,0.016731069025523525
6.269,0.053120212048236665
6.2700000000000005,0.045939380215125766
6.271,0.04293124222246275
6.272,0.057659727624046246
6.273,0.029652145496415032
6.274,0.051491426296861716
6.275,0.013418413454412931
6.276,0.044578972990461374
6.277,0.04856161676967639
6.2780000000000005,0.028023690631358775
6.279,0.07332399025701364
6.28,0.04034585670135528
6.281,0.051405351616722605
6.282,0.04340306969075004
6.283,0.04139445065653104
6.284,0.04734832949310116
6.285,0.048056164010213634
6.2860000000000005,0.032707368872995156
6.287,0.017962107092828316
6.288,0.0326878396891774
6.289,0.02400281872923288
6.29,0.010506113493596089
6.291,0.04376649400405282
6.292,0.017713718145976012
6.293,0.024643443218810495
6.2940000000000005,0.023146860387754715
6.295,0.018756126696250097
6.296,0.006652265219998399
6.297,0.02052552508300702
6.298,0.016410667784781452
6.299,0.027330380929134795
6.3,0.04812281691294072
6.301,0.01553728423850296
6.3020000000000005,0.052353735691084376
6.303,0.06183838755037012
6.304,0.03478962872177545
6.305,0.046873154400997624
6.306,0.016453037227392414
6.307,0.01975435032369846
6.308,0.05760092626659373
6.309,0.058785861885041396
6.3100000000000005,0.0036482921470741767
6.311,0.028737894504671894
6.312,0.05641677208182083
6.313,0.036286656530501844
6.314,0.026157477163207776
6.315,0.009682453118193376
6.316,0.017738909533330745
6.317,0.05325391447518056
6.3180000000000005,0.006899946134751339
6.319,0.034511994057173215
6.32,0.043300734595571023
6.321,0.005865392837001129
6.322,0.041848312566850045
6.323,0.056314391977070666
6.324,0.02487475083078185
6.325,0.020005678130931216
6.3260000000000005,0.016867453011412098
6.327,0.030894486123714756
6.328,0.08173890005342657
6.329,0.015566137738894849
6.33,0.028226012407364172
6.331,0.06123349462960933
6.332,0.052346986487847365
6.333,0.05354421816139812
6.3340000000000005,0.035324867164044926
6.335,0.041995334609603946
6.336,0.03500681352811204
6.337,0.03836571442259001
6.338,0.08172468047879165
6.339,0.03962200185142614
6.34,0.032477477583986794
6.341,0.06224519120482787
6.3420000000000005,0.024040382436145445
6.343,0.06862452514636375
6.344,0.03045445223308467
6.345,0.061914929059913956
6.346,0.06463733414848868
6.347,0.0364598100016724
6.348,0.043601872752582406
6.349,0.03420349399820188
6.3500000000000005,0.017986467386421692
6.351,0.02162400053148134
6.352,-0.00600022808654874
6.353,0.07107827386539355
6.354,0.023928246162583676
6.355,0.05806281260040546
6.356,0.047309805645809624
6.357,0.023556640479779904
6.3580000000000005,0.08973945242553907
6.359,0.008938315176122775
6.36,0.04216087393267988
6.361,0.028444689534820884
6.362,0.040333875167333694
6.363,0.044514890391135487
6.364,0.031098239757754647
6.365,0.020653519037401525
6.3660000000000005,0.05995250651159321
6.367,0.031601158961775525
6.368,0.05382525325784492
6.369,0.031098725127891167
6.37,0.09107327338855539
6.371,0.02720791327957007
6.372,0.05942691753108844
6.373,0.03619978961861518
6.3740000000000006,0.05749044399570856
6.375,0.025746913055875367
6.376,0.03078025287642871
6.377,0.0075533584094893275
6.378,0.03785530394391157
6.3790000000000004,0.028781876310276427
6.38,0.00976238461908107
6.381,0.044976039169798435
6.382000000000001,0.04737159621591268
6.383,0.02639147026627571
6.384,0.051575643885244424
6.385,0.014907354457401982
6.386,0.029359492788900602
6.3870000000000005,0.04348908311943158
6.388,0.033620734046575534
6.389,0.027596724745626813
6.390000000000001,0.014850118732031225
6.391,0.037094399537289297
6.392,0.0026003552340776483
6.393,0.0037800237757940197
6.394,0.03890243532223013
6.3950000000000005,0.054556984191418426
6.396,0.03602063628038827
6.397,0.03177954591318986
6.398000000000001,0.036071237340778814
6.399,0.032067678918046946
6.4,0.03211042459642176
6.401,0.04022499043654938
6.402,0.05320917478361152
6.4030000000000005,0.0498785063058036
6.404,0.05332545489775964
6.405,0.04965387697165008
6.406,0.048403910263725716
6.407,0.03122852812184453
6.408,0.07678372755454276
6.409,0.00790209371255905
6.41,0.0009144638664950779
6.4110000000000005,0.018968211827686324
6.412,0.027312323331216398
6.413,0.03530774677265444
6.414,0.027752927989256222
6.415,0.01792202980045574
6.416,0.04456416979843826
6.417,0.010786361987182178
6.418,0.03719208440287697
6.4190000000000005,0.052231869493930494
6.42,0.059323774263945
6.421,0.025811057844046754
6.422,0.025602282647055365
6.423,0.020723248883673464
6.424,-0.0041986995311041435
6.425,0.046551565181156204
6.426,0.011951895720881442
6.4270000000000005,0.016141591860145205
6.428,0.013312994468337343
6.429,0.038163677119510755
6.43,0.01460235327539686
6.431,0.04653568154345596
6.432,0.023566987274665795
6.433,0.04791328111696469
6.434,0.04942698112966185
6.4350000000000005,0.01831736169339683
6.436,0.041684746831641986
6.437,0.0494348491726532
6.438,0.05771269474494356
6.439,0.023386982023782966
6.44,0.01240415422057972
6.441,0.03630506119567785
6.442,0.023649339258904823
6.4430000000000005,0.04771510273776376
6.444,0.011072152198735922
6.445,0.04691968869712487
6.446,0.009765867246396444
6.447,0.0044225932533948804
6.448,0.033392346953398905
6.449,-0.017928269017129645
6.45,0.028125056673369488
6.4510000000000005,0.005693326589361251
6.452,-0.001656727662701845
6.453,0.024211629053909924
6.454,0.0375262638656389
6.455,-0.0012443039417910744
6.456,0.0364523852518731
6.457,0.0214007566049501
6.458,0.014682227116582385
6.4590000000000005,0.00019473889570013718
6.46,0.01984920798199586
6.461,0.010935670542097334
6.462,0.038262340546525886
6.463,0.024922518247024582
6.464,0.050665271290567464
6.465,0.04314632564173071
6.466,-0.008129757091388606
6.4670000000000005,0.006949270514268883
6.468,0.0335427160804399
6.469,0.006547686109874638
6.47,0.06505773658358643
6.471,0.011157536285791914
6.472,0.04910640820861521
6.473,0.020479243854112872
6.474,0.0348064112610062
6.4750000000000005,0.020244826538758563
6.476,-0.012283819041952894
6.477,0.01295496893908443
6.478,0.004509070607483328
6.479,0.047013556683591834
6.48,0.02981220502497684
6.481,-0.029832928014015242
6.482,0.009276351240923054
6.4830000000000005,-0.0038610992728947057
6.484,0.006802708998804162
6.485,-0.00506513093522308
6.486,0.023049890244944624
6.487,0.0230968764917485
6.488,0.022339245294074002
6.489,-0.035374770979886165
6.49,0.043494849816961736
6.4910000000000005,0.015420187394283476
6.492,-0.015958155420786917
6.493,0.016043191560983848
6.494,-0.025602783135219277
6.495,0.0032912692565229087
6.496,0.012777086442711106
6.497,0.026571691007291492
6.498,0.024035679729084904
6.4990000000000006,-0.03658444718681041
6.5,-0.01963363834042418
6.501,0.011543330074096034
6.502,0.025003526782746283
6.503,0.021451703441183072
6.5040000000000004,0.005975034373322125
6.505,-0.008410121914941077
6.506,0.008750250801562052
6.507000000000001,0.009269671326696573
6.508,0.02809325355780485
6.509,-0.010084882356730208
6.51,0.017936017652035306
6.511,-0.012134072239457196
6.5120000000000005,0.017230502197981987
6.513,-0.01291870618334251
6.514,-0.00021406962431613124
6.515000000000001,0.013372081179309965
6.516,0.02961426824267016
6.517,0.0008565952948691447
6.518,0.03123582830501548
6.519,0.007412916464209144
6.5200000000000005,0.009135505499828136
6.521,0.007373883153847342
6.522,0.025858532095506898
6.523000000000001,-0.02063835757960559
6.524,0.023031291910943236
6.525,-0.009051656716135354
6.526,0.031457207315189764
6.527,0.006302122082452997
6.5280000000000005,-0.029826024657482096
6.529,-0.002825539710129111
6.53,-0.022472723105950207
6.531,-0.012846699527880562
6.532,-0.04815006736267663
6.533,0.006369209734864566
6.534,0.012023032904944813
6.535,0.03153301916948638
6.5360000000000005,-0.018042460209195924
6.537,0.022583327368105043
6.538,0.018558251835555456
6.539,0.0023571991874878013
6.54,-0.005374724890749715
6.541,-0.011827932134106971
6.542,0.009678830550597463
6.543,0.031806684930309255
6.5440000000000005,-0.025443697288648034
6.545,-0.025346768562245044
6.546,-0.01601747442174102
6.547,-0.018718941287203604
6.548,-0.0005690328230429625
6.549,0.02151885025597191
6.55,-0.024511914752887408
6.551,0.0003692841852265139
6.5520000000000005,-0.016942998179373024
6.553,-0.024592202857712006
6.554,-0.017283927480840837
6.555,-0.0030454217860165743
6.556,0.014596302355994063
6.557,-0.04652761773864372
6.558,-0.025065604428395147
6.559,0.012425026678088178
6.5600000000000005,-0.021994894603392625
6.561,-0.031730224612461
6.562,-0.016746894780821874
6.563,0.017456915588687887
6.564,-0.057621786355742194
6.565,-0.027298556438298892
6.566,0.009110796906077507
6.567,0.0013747501121263786
6.5680000000000005,0.008509783475649296
6.569,-0.03766200263118076
6.57,-0.007284041388461281
6.571,-0.009721487652734968
6.572,-0.0105313476276892
6.573,-0.015688547701718923
6.574,-0.014152025087698425
6.575,-0.03519479805350571
6.5760000000000005,-0.002891937832399015
6.577,0.005520830014016024
6.578,0.014093060633720119
6.579,0.01758307738677477
6.58,0.04082216280332147
6.581,-0.026720579230093577
6.582,-0.013001016779949446
6.583,-0.04069252053901818
6.5840000000000005,0.01929496209717869
6.585,-0.00023468997983726314
6.586,-0.02361680137300165
6.587,-0.03287272784830276
6.588,-0.021180505764293433
6.589,-0.009340214036578778
6.59,0.023103498410821058
6.591,-0.031085152010478914
6.5920000000000005,-0.0031436770606247076
6.593,-0.019052292457372822
6.594,0.0014764029635235924
6.595,-0.04732388757064086
6.596,0.01962649647501652
6.597,-0.004272300408226182
6.598,-0.008592480676969109
6.599,0.00659975342904473
6.6000000000000005,0.013291305024402657
6.601,-0.00467780342053465
6.602,-0.03297838053890812
6.603,-0.03606372897968026
6.604,-0.025272065274327665
6.605,-0.022093111682677385
6.606,-0.051669085293590114
6.607,-0.0296096155472136
6.6080000000000005,-0.023188861036929014
6.609,-0.030946451516267997
6.61,0.007500324031694452
6.611,-0.0024191126851335135
6.612,-0.001572404481687835
6.613,-0.024827835443465222
6.614,-0.013537579357647121
6.615,-0.015100114870800561
6.6160000000000005,-0.01327351087608205
6.617,-0.005361147784246116
6.618,-0.026414999411430103
6.619,-0.0156504055030431
6.62,-0.007287857299782253
6.621,-0.011749271596835607
6.622,-0.004682514496378132
6.623,-0.0007703397945657935
6.6240000000000006,0.030846826617693637
6.625,-0.04970850980493803
6.626,0.00037976463680593556
6.627,0.006778283736959337
6.628,-0.03196836603241936
6.6290000000000004,-0.0018716509402894425
6.63,-0.005944036409998847
6.631,-0.005642261254113597
6.632000000000001,-0.034017359060288105
6.633,-0.03811816352198448
6.634,0.0018071677578092686
6.635,0.0009803832569115385
6.636,-0.008038049984099047
6.6370000000000005,-0.019138680899720643
6.638,-0.038172792269311875
6.639,0.0011551615713692037
6.640000000000001,-0.028529157477315964
6.641,-0.03613823224439068
6.642,-0.016766378461883478
6.643,0.003042166008798277
6.644,-0.019298062509563476
6.6450000000000005,-0.03744338347497641
6.646,-0.00927892378556251
6.647,-0.037633197789517576
6.648000000000001,-0.034352815734543546
6.649,-0.038640117659807724
6.65,-0.006923020002203156
6.651,-0.030304632242417064
6.652,0.011910281135067525
6.6530000000000005,-0.02653414747821799
6.654,0.0019493568278642869
6.655,-0.02317647060426096
6.656000000000001,-0.043871115830882455
6.657,-0.004533130773753197
6.658,-0.029556929704025223
6.659,-0.0009137468058657873
6.66,-0.008493035819267084
6.6610000000000005,0.004453569940003416
6.662,-0.022299880623612968
6.663,-0.01325894820459388
6.664,-0.061481517532414875
6.665,-0.05165500579705283
6.666,-0.032175014927981874
6.667,-0.026218615798919563
6.668,-0.0059429704244601395
6.6690000000000005,-0.029807670359288097
6.67,-0.0032097369137640726
6.671,-0.024222291555060144
6.672,-0.034425075574995974
6.673,0.0009477050307816134
6.674,-0.03398066380321126
6.675,-0.022742174509764065
6.676,-0.009017725247414857
6.6770000000000005,-0.008814365528058421
6.678,-0.0015933493819797126
6.679,0.015236496730592193
6.68,-0.0010276403093638677
6.681,-0.01808195637496344
6.682,-0.025135738184945584
6.683,0.005954201265164948
6.684,-0.05026863086449289
6.6850000000000005,-0.05976834052129662
6.686,-0.02806660257893635
6.687,-0.03073570078311843
6.688,0.010780660001532195
6.689,-0.04061747800986544
6.69,-0.02859865224734865
6.691,-0.0025328786783741022
6.692,-0.03141873799800268
6.6930000000000005,0.00458160935694733
6.694,-0.010150303065071219
6.695,-0.022959704836395253
6.696,-0.023164655761161928
6.697,-0.007346284012968659
6.698,0.0200217331425511
6.699,-0.0034486012091668565
6.7,-0.027010052801369942
6.7010000000000005,-0.016305026210134865
6.702,-0.017703664281673814
6.703,-0.022762577737491636
6.704,-0.037359560143120835
6.705,-0.006275233370050856
6.706,0.0027198776214657078
6.707,-0.054114202356873406
6.708,-0.015843723723952152
6.7090000000000005,-0.038440441693756364
6.71,-0.0010201183962671133
6.711,-0.0376172217784574
6.712,-0.018638252805549482
6.713,-0.015959398575620523
6.714,-0.03681327806881659
6.715,-0.01792517174154057
6.716,0.020238718326261243
6.7170000000000005,-0.026943605512749564
6.718,-0.010522266035298943
6.719,-0.03187898472246131
6.72,-0.03243490918316777
6.721,-0.013281062881827684
6.722,0.019754691991651575
6.723,-0.04175617846887372
6.724,0.010378730237192303
6.7250000000000005,-0.026315344905629416
6.726,-0.02273216305309538
6.727,-0.014768831520837439
6.728,-0.0061735998071649895
6.729,0.002339437949391447
6.73,0.013663786569121223
6.731,0.024339088527683433
6.732,-0.035946326661238884
6.7330000000000005,-0.04855147232335633
6.734,-0.040669511037314185
6.735,-0.0527367356738575
6.736,-0.03709562370630836
6.737,0.02888106362854642
6.738,-0.022765800730778076
6.739,0.044665408598036735
6.74,-0.035646142369734866
6.7410000000000005,-0.029444245014195906
6.742,-0.004279471037479842
6.743,0.0020111219229657466
6.744,-0.022970369721284092
6.745,0.023765568944146716
6.746,0.007143004890842641
6.747,-0.007960146692106325
6.748,0.0035108510429337457
6.7490000000000006,-0.0011443448994344421
6.75,-0.03672319124223606
6.751,-0.050348749680753146
6.752,-0.01434944738780744
6.753,-0.06352566131497717
6.7540000000000004,-0.008229309701336323
6.755,-0.03884638035038142
6.756,-0.00968445244576005
6.757000000000001,-0.01349501637433511
6.758,0.016774996466907353
6.759,0.014052707255617001
6.76,-0.03684174556668669
6.761,0.018407565309804003
6.7620000000000005,-0.010860006456264348
6.763,-0.009522314231087754
6.764,0.0012376700360326141
6.765000000000001,-0.0281683544287463
6.766,-0.02272890327898647
6.767,0.0069302777698404885
6.768,-0.026400486398365803
6.769,-0.02869663638046575
6.7700000000000005,-0.027120240497388662
6.771,0.017142220607678157
6.772,0.011853032019181288
6.773000000000001,-0.012432945148342325
6.774,0.007944146229977574
6.775,-0.012426170574867647
6.776,0.007559026625063345
6.777,0.037088577836845556
6.7780000000000005,0.0122185320386905
6.779,-0.04280367897024246
6.78,0.01657641092917425
6.781000000000001,-0.008850119897315885
6.782,-0.053426116232501514
6.783,-0.052290901391503726
6.784,0.008820974220740286
6.785,0.005101562884857618
6.7860000000000005,0.01821133708087227
6.787,0.01377561431522389
6.788,0.007723260937728987
6.789,0.012102576816382781
6.79,-0.000406289186559744
6.791,-0.0037355715189836755
6.792,-0.016136895571222526
6.793,-0.018004202195956717
6.7940000000000005,-0.013309297350338345
6.795,-0.003516794322864617
6.796,-0.010781514775000237
6.797,-0.016556195358140745
6.798,-0.003626083510415521
6.799,-0.022926738163145017
6.8,-0.04303945088412699
6.801,0.0067769852932185876
6.8020000000000005,-0.0005927307114288079
6.803,-0.03886462368280274
6.804,-0.005248214672243269
6.805,0.013379184104818163
6.806,-0.014667613413735306
6.807,-0.027595706410107744
6.808,-0.02273979557433304
6.809,-0.025124106994684457
6.8100000000000005,-0.028228429948261954
6.811,-0.017584644665369832
6.812,-0.0006988533799827737
6.813,-0.001470509675426692
6.814,-0.015760156211515716
6.815,-0.030071458416029963
6.816,-0.012902540676488383
6.817,-0.032781931009796955
6.8180000000000005,-0.0063681044308767885
6.819,-0.03944287936973244
6.82,-0.02159402110847501
6.821,-0.019751522085556635
6.822,0.005079498486331813
6.823,-0.024559725655559098
6.824,-0.02260297904020444
6.825,-0.027929908008730915
6.8260000000000005,-0.04142435343294497
6.827,-0.011435558448146598
6.828,-0.027487608719519423
6.829,-0.06981698071815057
6.83,-0.02593120879810227
6.831,-0.013896446475951433
6.832,-0.03270919089538818
6.833,-0.006166939294170233
6.8340000000000005,-0.02361981910128883
6.835,-0.03801662338536836
6.836,-0.02164951233789329
6.837,-0.03164261421727095
6.838,-0.014915259883599855
6.839,0.023601126467306263
6.84,-0.016710383277988086
6.841,-0.04012025716074405
6.8420000000000005,-0.022000477427932177
6.843,-0.04297049693107234
6.844,-0.04991454118166752
6.845,-0.003554806100006608
6.846,-0.0032847944590328644
6.847,-0.02525572024431601
6.848,-0.012467493262518854
6.849,-0.0053474676389204286
6.8500000000000005,-0.01409740220616413
6.851,-0.04739966165351556
6.852,-0.025394431388300186
6.853,-0.0744066631419321
6.854,-0.04714393846343928
6.855,-0.01929657815006452
6.856,-0.009654923169473147
6.857,-0.031232414371035664
6.8580000000000005,-0.018816056459801934
6.859,-0.040036542560003975
6.86,0.02312403774069564
6.861,-0.011815326333465206
6.862,-0.013916665591060823
6.863,-0.03304712214729751
6.864,-0.021773027370499704
6.865,-0.007036825516967344
6.8660000000000005,-0.009887388609356758
6.867,-0.005865697873099127
6.868,-0.03531224300348529
6.869,0.00723925791884018
6.87,-0.018001245422051223
6.871,-0.03811780953674254
6.872,-0.028868627281783993
6.873,-0.031120330851514957
6.8740000000000006,0.01306868218767597
6.875,-0.026925773437590172
6.876,-0.022998696273157544
6.877,-0.006541353082728157
6.878,-0.04048318958115966
6.8790000000000004,-0.008168323481987694
6.88,-0.04250953679045367
6.881,-0.023050856171555695
6.882000000000001,-0.0019377596809966938
6.883,0.014464991738746453
6.884,0.0016988077014066308
6.885,-0.015264413570139329
6.886,0.011907224159166827
6.8870000000000005,0.03518619867840353
6.888,-0.04097159747954786
6.889,0.006467152873581718
6.890000000000001,0.009274948264118517
6.891,-0.006712677175959674
6.892,-0.01855487184673433
6.893,-0.009704595417027609
6.894,-0.022694475787942914
6.8950000000000005,-0.002235638385992191
6.896,-0.02442997257409226
6.897,-0.008006079488676626
6.898000000000001,0.0027279827919920382
6.899,-0.06394325870355638
6.9,-0.019133773667654574
6.901,0.012152076988703757
6.902,-0.006523844135091279
6.9030000000000005,-0.0020429627739884954
6.904,-0.012673694575612581
6.905,-0.02538800384748309
6.906000000000001,-0.024013529625605597
6.907,-0.041677939710121126
6.908,-0.003280756995777642
6.909,0.006239156278925096
6.91,-0.009954260154777104
6.9110000000000005,0.03941239334758892
6.912,-0.017585235369352793
6.913,-0.025240882083485433
6.914,-0.028045203938942026
6.915,-0.04342889281531027
6.916,-0.0108225746529458
6.917,-0.011763725719197328
6.918,0.0002184514341546668
6.9190000000000005,0.010100210981566759
6.92,-0.012921101862014804
6.921,-0.016686696821236763
6.922,0.019210734287860298
6.923,-0.005425343944758888
6.924,-0.02834190751220078
6.925,-0.026392361961967516
6.926,-0.00033571624474159484
6.9270000000000005,-0.02359166063941132
6.928,0.017751324194794974
6.929,-0.024321435373869108
6.93,0.00881625194914234
6.931,-0.028188192414764935
6.932,-0.01264942840137703
6.933,-0.030570444216952673
6.934,-0.01620536363371743
6.9350000000000005,0.014795081305492758
6.936,-3.1358858129573036e-06
6.937,-0.0016457038238124524
6.938,0.006756026272391335
6.939,-0.01603596107856455
6.94,-0.039247058418893144
6.941,-0.01838213750334213
6.942,-0.010524417997895335
6.9430000000000005,0.02833789108917466
6.944,-0.0028819061075698116
6.945,-0.001887767009807426
6.946,-0.027914296707402596
6.947,-0.015384680004224525
6.948,-0.026733350215049405
6.949,-0.001426339455252495
6.95,-0.02236681075137908
6.9510000000000005,-0.022479176658056224
6.952,0.001934043771116876
6.953,0.005784017669663846
6.954,0.011984134270056835
6.955,0.015250435221967428
6.956,0.018715449559973223
6.957,0.000631197342087401
6.958,-0.017866839577852192
6.9590000000000005,-0.02943240948762933
6.96,-0.025546032609842208
6.961,-0.019996019492385286
6.962,0.01083706695795
6.963,-0.007028503910758993
6.964,-0.008098949036152289
6.965,0.0117980143173274
6.966,-0.03297133104354436
6.9670000000000005,0.010132927338377905
6.968,-0.007271938564133074
6.969,0.0072833304194269925
6.97,-0.010057044589296444
6.971,0.01292222796123281
6.972,0.002862503416322518
6.973,-0.011567791104166981
6.974,-0.00828523196892651
6.9750000000000005,-0.007986950329964201
6.976,-0.0008007081341247211
6.977,-0.01812160961836098
6.978,0.01489864352491465
6.979,0.013491715739734528
6.98,0.01224326396996088
6.981,-0.022089919311086573
6.982,-0.006301647571535845
6.9830000000000005,-0.010138193136163647
6.984,0.030588273167076796
6.985,-0.0038538507297059144
6.986,-0.013706676525631335
6.987,0.012660990701736704
6.988,0.009445780278464645
6.989,-0.014211476084810151
6.99,0.0031170989035827234
6.9910000000000005,0.04875904794619216
6.992,0.008573253418564688
6.993,0.012597881815294872
6.994,0.027158467661659587
6.995,-0.011865456321207175
6.996,0.01529299093053331
6.997,0.02322423400844391
6.998,0.0036434856348007503
6.9990000000000006,-0.0014237797741542477
7.0,0.019350980956985783
7.001,-0.029119329747146917
7.002,-0.01651641132384826
7.003,-0.019836734500330522
7.0040000000000004,0.008446280769970317
7.005,-0.0037541490762223757
7.006,0.0006586241554842729
7.007000000000001,-0.009233074289943624
7.008,0.039876118907117855
7.009,-0.0024065670657944342
7.01,0.013665084905830991
7.011,-0.01607874158632405
7.0120000000000005,0.019392222458103233
7.013,-0.016229663201316857
7.014,-0.05275009147366525
7.015000000000001,0.018771408261773904
7.016,-0.04252658089812921
7.017,0.0031302869012287014
7.018,0.025133833434371367
7.019,-0.0006349941790793063
7.0200000000000005,0.03915222481515922
7.021,0.018130867575353895
7.022,-0.008528665494026401
7.023000000000001,0.022134568850538626
7.024,-0.0018296864873037695
7.025,0.007443414840519712
7.026,0.030846565457040214
7.027,0.028272805139741456
7.0280000000000005,0.022723568992475657
7.029,0.020636625962462005
7.03,0.03835500284938269
7.031000000000001,0.015058381149684406
7.032,0.03627256866282947
7.033,0.03877501965922973
7.034,0.015336894485780794
7.035,0.026567951436178298
7.0360000000000005,-0.018932521124080066
7.037,0.003366465776043767
7.038,0.006921496802789362
7.039000000000001,-0.006975089234310507
7.04,0.014106950664111044
7.041,0.004159898784279211
7.042,0.002777186589075268
7.043,0.04750045102274344
7.0440000000000005,0.04185083788389262
7.045,0.02776671270444203
7.046,0.011193521000367423
7.047,0.02327317757874057
7.048,0.022547351485752203
7.049,-0.0073349619989287245
7.05,0.00750431775256795
7.051,0.025946241941802464
7.0520000000000005,0.000472998133977145
7.053,0.027001421746065072
7.054,0.04001161424821468
7.055,0.02437676232530588
7.056,0.04089809053483515
7.057,0.025130503637188932
7.058,0.02971369756954816
7.059,0.014049523375392094
7.0600000000000005,-0.011142398922260655
7.061,-0.010410002422999725
7.062,0.0427036935152653
7.063,0.018392222302541977
7.064,0.036007864491618594
7.065,0.0306029334528825
7.066,-0.013984356505653453
7.067,0.04520150989019149
7.0680000000000005,0.0057862183746335595
7.069,0.010830886806244298
7.07,0.022622473950226867
7.071,0.01931476812346776
7.072,0.023929277825946234
7.073,0.00033800003974036874
7.074,0.026062790327915017
7.075,-0.007924707401054575
7.0760000000000005,0.011608931171533417
7.077,0.01541101401840185
7.078,0.04546957110572692
7.079,0.01900631960275502
7.08,0.016203412613474737
7.081,0.023335195454260993
7.082,0.018671621900481758
7.083,0.05004141159199958
7.0840000000000005,0.01959079450570012
7.085,0.05536269021040005
7.086,0.05432748882212163
7.087,0.020046579680853292
7.088,0.010431807142426733
7.089,0.025515517704641798
7.09,0.0396448937606649
7.091,0.03964922715610736
7.0920000000000005,0.05168464910611672
7.093,0.04971600349343124
7.094,-0.0114733404069155
7.095,0.041311094804372984
7.096,-0.010842817151233659
7.097,0.02120814299740192
7.098,0.042617937119669914
7.099,0.030070618852286825
7.1000000000000005,0.046849891689927606
7.101,-0.013982129149069707
7.102,0.05427613026929183
7.103,0.06862408684809455
7.104,0.03556331880226372
7.105,0.04170558027306383
7.106,0.01999564795670551
7.107,0.023694598897910393
7.1080000000000005,0.005775120261510572
7.109,0.004660926473558855
7.11,0.023378141417851623
7.111,0.0005515857409599603
7.112,-0.01374085515433613
7.113,0.016795287110188645
7.114,0.0262972764371068
7.115,0.04380370354132462
7.1160000000000005,0.04573729882713455
7.117,0.011037136115766647
7.118,0.047014339212289924
7.119,0.04070111712687799
7.12,0.033092724317872406
7.121,0.04478857135560113
7.122,-0.0005278246950244682
7.123,0.06164583383040708
7.1240000000000006,-0.020871277134332223
7.125,0.031788360735569995
7.126,0.04936169205593821
7.127,0.046198969196193554
7.128,0.029480940576181197
7.1290000000000004,-0.04475594426142428
7.13,0.0046382134309991205
7.131,0.04514122860367067
7.132000000000001,0.01348820485324996
7.133,0.05161979110266626
7.134,0.046473733466416756
7.135,-0.007950156816454456
7.136,0.014395044529326264
7.1370000000000005,0.030158480811957683
7.138,-0.000736738753734846
7.139,0.009331049757212988
7.140000000000001,0.036850576308088606
7.141,0.02902636382963619
7.142,0.011046918310139627
7.143,0.021365003059351025
7.144,0.05387137208838545
7.1450000000000005,0.03130440624262399
7.146,0.013632507153543598
7.147,-0.0010767917179995284
7.148000000000001,0.04536223599503575
7.149,0.013147779332900124
7.15,0.031903567635725424
7.151,0.005660840124751206
7.152,0.002016290565451089
7.1530000000000005,0.03317294056351591
7.154,0.010252974851783635
7.155,0.02738210243258706
7.156000000000001,0.02201430513748363
7.157,0.009653955941480332
7.158,0.025802867646576536
7.159,0.025799041376221514
7.16,0.00339661259280968
7.1610000000000005,0.07253643433764093
7.162,0.012858790494230051
7.163,0.04531922674421742
7.164000000000001,0.01776578585163546
7.165,0.0348082885760094
7.166,0.04261887013305124
7.167,0.02154706380066666
7.168,0.0343986296740584
7.1690000000000005,0.024314861836301188
7.17,0.0038273089686244495
7.171,0.006486457978045836
7.172,0.021952753461942687
7.173,0.03681501118202741
7.174,0.02752878659337803
7.175,0.010966933178773088
7.176,0.023080847908905314
7.1770000000000005,0.008695373147719107
7.178,0.05264762571906316
7.179,0.008480922694738331
7.18,0.038874909078371614
7.181,0.021255456995721317
7.182,0.04922911777280484
7.183,0.009076942864772458
7.184,0.06370326103825441
7.1850000000000005,0.030576104852160297
7.186,0.026178114747364426
7.187,0.005985884185497024
7.188,0.014236773356350438
7.189,0.034911280905151505
7.19,0.03699817058002278
7.191,0.008786593805362376
7.192,0.021516200798934598
7.1930000000000005,0.056171889277113723
7.194,0.07554986844049688
7.195,0.025956553570421464
7.196,0.01843744290203255
7.197,8.112773460519987e-05
7.198,0.034038534196319456
7.199,0.055884645600742265
7.2,0.026300569197114407
7.2010000000000005,0.05775754653048926
7.202,0.03584453859197603
7.203,-0.014145192382015358
7.204,0.015275587466302188
7.205,0.02100031704247836
7.206,0.015136222846879058
7.207,0.042168581184603746
7.208,0.024373804905931468
7.2090000000000005,0.03823869727145839
7.21,0.013255113432597828
7.211,0.054221796641468256
7.212,0.044649382822258554
7.213,6.762207047729049e-05
7.214,0.05133343803786028
7.215,0.03839034539766904
7.216,0.02295918867581483
7.2170000000000005,0.02039388881727921
7.218,0.04172339968698825
7.219,-0.026660093092963973
7.22,0.0003849124082088949
7.221,0.026832808521968995
7.222,0.002551349411766178
7.223,0.009688517445796723
7.224,4.37363179523198e-05
7.2250000000000005,0.0008630181295751736
7.226,0.04803167528564824
7.227,0.03185348494344326
7.228,0.021377423532453192
7.229,0.03816203961413911
7.23,0.009989494975117029
7.231,0.008631902213386337
7.232,0.018700005115489884
7.2330000000000005,0.04122855942030434
7.234,0.040651762072827766
7.235,0.06771767400291963
7.236,0.012694094756574542
7.237,0.009290574874493661
7.238,0.05357675863637121
7.239,0.023242700690662706
7.24,0.04208251411184283
7.2410000000000005,0.031793667092128504
7.242,0.006061593349117336
7.243,0.046641022312758317
7.244,-0.014395533221151974
7.245,0.05492200138541048
7.246,0.0005614554067157641
7.247,0.01568380207644291
7.248,0.007142957681782906
7.2490000000000006,0.026690689147909348
7.25,0.03487127954346776
7.251,0.04759164731494599
7.252,0.06750912825278746
7.253,-0.007779057155012627
7.2540000000000004,0.012650039473661761
7.255,0.014372666788399793
7.256,0.020472090119725995
7.257000000000001,0.03170891964991054
7.258,0.02647641520137031
7.259,0.036930876722882124
7.26,-0.015146080418445888
7.261,0.017855678050107987
7.2620000000000005,0.00206005453670962
7.263,0.026442436946885972
7.264,0.03021961445021946
7.265000000000001,0.00780385062151657
7.266,0.05152254474140015
7.267,0.026104409117169505
7.268,0.036710879861529266
7.269,0.03215986185499724
7.2700000000000005,0.004423099017849319
7.271,0.0006068991536198436
7.272,0.008456601806259241
7.273000000000001,0.014725236133923968
7.274,0.05071156301897743
7.275,0.022765877750897615
7.276,0.018877362403832088
7.277,0.011576545054308222
7.2780000000000005,0.02806942999760368
7.279,0.007465737431201982
7.28,0.003370682951618499
7.281000000000001,0.006115940933812611
7.282,0.008319452730530466
7.283,0.019944662766795053
7.284,0.015542340348250187
7.285,-0.005683626087675076
7.2860000000000005,0.0023992210447898385
7.287,0.009040820814678618
7.288,0.06291118978499122
7.289000000000001,0.03660667180476395
7.29,0.011056736729161654
7.291,0.025320959626428642
7.292,0.0023570895064983083
7.293,0.02338439709818617
7.2940000000000005,0.04430118168130598
7.295,-0.0009633637605477446
7.296,0.004682348351439023
7.297,0.019265738626611073
7.298,0.026430674683897724
7.299,0.05051795313498823
7.3,0.045439270282357405
7.301,0.02133337835540658
7.3020000000000005,0.007352617273379927
7.303,0.017170769307063235
7.304,0.010638644863475794
7.305,0.02017108117446445
7.306,0.04840126755507998
7.307,0.017247574793160206
7.308,-0.0027154835927501557
7.309,0.03452822878819662
7.3100000000000005,0.05032334437062333
7.311,-0.01479678019980454
7.312,0.04051514042331091
7.313,0.010041720215892724
7.314,0.02296138462839839
7.315,0.005715200131218718
7.316,0.017652991770337793
7.317,0.021550278133851013
7.3180000000000005,0.009114844553501188
7.319,0.03987442843240642
7.32,0.0338846089496927
7.321,0.03972696371491992
7.322,0.015349032517913114
7.323,0.029236627277466645
7.324,0.05841603445563219
7.325,0.055371181236667996
7.3260000000000005,0.012043062634563834
7.327,0.02911285310239354
7.328,0.026298694337551495
7.329,0.012766739477257573
7.33,0.011834871278128545
7.331,0.04439205406726629
7.332,-0.0024303982050589285
7.333,-0.011147498594074205
7.3340000000000005,0.024117001747360364
7.335,0.031147383917026428
7.336,-0.0010209201414193153
7.337,0.02809558538084704
7.338,-0.014846493954028067
7.339,-0.0060142628470233744
7.34,0.03292931846394387
7.341,0.054640323505346214
7.3420000000000005,0.0024704626982654347
7.343,-0.0015953467516633194
7.344,0.016372638939324675
7.345,-0.0010253112390738138
7.346,0.031105940546199057
7.347,0.011078010216276876
7.348,-0.021994151467465035
7.349,0.04145374320718582
7.3500000000000005,0.04385038255802764
7.351,0.01547138809427625
7.352,0.025103156731831625
7.353,0.021293926672018224
7.354,0.03285475869495031
7.355,0.02149598001272653
7.356,-0.012206611330677922
7.357,0.01605336691546051
7.3580000000000005,0.04581709903898252
7.359,0.033086650698473795
7.36,0.023372809325612025
7.361,0.03666356915054858
7.362,0.0525478508438528
7.363,-0.006875366488355
7.364,0.020434945053228234
7.365,0.00663074311115242
7.3660000000000005,0.03891944064765715
7.367,0.08364622836366488
7.368,-0.0007843671402513533
7.369,0.05279493872582762
7.37,0.010496506192120919
7.371,0.06944426488734136
7.372,0.025094964947626724
7.373,0.030499874349525564
7.3740000000000006,0.0014523586406741153
7.375,0.004397975558645743
7.376,0.011885766632389674
7.377,0.0373702329786267
7.378,0.03634852924465519
7.3790000000000004,-0.004247915920200213
7.38,0.02580043188920441
7.381,0.004702185439532649
7.382000000000001,-0.003937574751818202
7.383,0.07364184721132148
7.384,0.021705086733696678
7.385,0.022301175778360695
7.386,0.007781840834845712
7.3870000000000005,-0.008496477886579442
7.388,0.09317104373717615
7.389,0.06740637806493151
7.390000000000001,0.03840691257312702
7.391,0.04212288548012809
7.392,0.05356277919850681
7.393,0.002203844780341446
7.394,-0.018621615361172975
7.3950000000000005,-0.00315745904914682
7.396,0.04093095817031495
7.397,0.01292216596378447
7.398000000000001,0.02922019462582735
7.399,0.02760826532271169
7.4,-0.0020431040203999773
7.401,0.037026156103812546
7.402,-0.012874299664109603
7.4030000000000005,-0.003623264492614903
7.404,0.018806708943461158
7.405,0.011845472151900693
7.406000000000001,-0.010873594309428585
7.407,0.03875976493443497
7.408,0.034731089159025626
7.409,0.03965277093384526
7.41,0.015620836904366914
7.4110000000000005,0.022096923195102043
7.412,0.024014222460017574
7.413,-0.016209622963467184
7.414000000000001,-0.002640723012564926
7.415,-0.005805726628856662
7.416,0.024771955527042006
7.417,0.029304785167770298
7.418,0.019270081803812664
7.4190000000000005,0.03371366018789532
7.42,0.011248494136934729
7.421,-0.012874398432790635
7.422000000000001,0.03221061473041696
7.423,0.057579306396433313
7.424,0.05764811820592429
7.425,0.043762245165265994
7.426,0.018240542298818455
7.4270000000000005,0.02839723843387354
7.428,-0.004628043759806383
7.429,0.002553387449135176
7.43,0.01936019570066968
7.431,0.017418055937504832
7.432,-0.014691240054116478
7.433,0.04315321685293355
7.434,0.012203297328880196
7.4350000000000005,-0.003155372403559247
7.436,0.02490443102071587
7.437,-0.006281401544868425
7.438,-0.0073621447577580205
7.439,0.002957500518147144
7.44,-0.020241666592456898
7.441,0.027038526328143478
7.442,0.03245943265059188
7.4430000000000005,0.025956842480286305
7.444,0.03084508352739374
7.445,-0.0008802764920627024
7.446,0.010636329415023432
7.447,-0.008337142826312881
7.448,0.0322362335520196
7.449,0.00553641476766069
7.45,0.028734124281704514
7.4510000000000005,0.0023133794915158722
7.452,0.021454842807457748
7.453,0.008914089493567302
7.454,-0.0207732801750149
7.455,0.027380897403776562
7.456,0.01282241661892107
7.457,-0.019052450583484645
7.458,0.0011678735306534143
7.4590000000000005,0.008663977839590362
7.46,0.02526680066336764
7.461,0.022318864181850185
7.462,0.0012545413924774425
7.463,0.0017403876623427435
7.464,0.015661499345597834
7.465,0.022915382742736613
7.466,0.010708096280326975
7.4670000000000005,-0.011982114157523127
7.468,0.029195809506914628
7.469,-0.029987123152886288
7.47,0.030528762458908516
7.471,0.022884841423035356
7.472,0.011108931804490293
7.473,0.006173632777436062
7.474,0.012553687476410289
7.4750000000000005,0.007697506300175229
7.476,-0.0030431442819141177
7.477,-0.009259725274413103
7.478,0.013512663275618396
7.479,0.02217841966428636
7.48,0.035965940466446134
7.481,0.03652219982002442
7.482,0.006187919053093413
7.4830000000000005,-0.002221817663905856
7.484,-0.027936484355698735
7.485,0.024726894120958152
7.486,-0.03653194836553821
7.487,-0.009451863280857743
7.488,-0.004233542869376568
7.489,-0.039800165179729695
7.49,-0.00448967908371437
7.4910000000000005,0.008454440318390353
7.492,-0.01796513735751239
7.493,0.00087972783785137
7.494,0.01359777429546526
7.495,-0.016674315357333623
7.496,0.008502363825347149
7.497,-0.005306952746582276
7.498,0.016633716062241812
7.4990000000000006,-0.0029077785741341384
7.5,-0.017215531497988285
7.501,0.010313862827905638
7.502,0.007317524103445975
7.503,0.012866837976778105
7.5040000000000004,-0.0032559140858022893
7.505,-0.017866844000466956
7.506,-8.774154521983262e-05
7.507000000000001,0.006079098866559973
7.508,0.0007041271066455994
7.509,0.05101153086598154
7.51,-0.009981624849196796
7.511,-0.023301212419357512
7.5120000000000005,-0.017007703740501656
7.513,-0.016675717769519722
7.514,-0.04280947008256416
7.515000000000001,0.008954398527277592
7.516,0.010147618303971593
7.517,-0.043960980567406216
7.518,-0.007459255105514981
7.519,0.017292612834991856
7.5200000000000005,-0.017677491015510867
7.521,-0.013384601301028386
7.522,-0.033956509975990826
7.523000000000001,-0.010093635927487958
7.524,-0.004559005014463786
7.525,-0.010708587608332657
7.526,0.007572835768198956
7.527,-0.019969102354267437
7.5280000000000005,-0.00894993016849179
7.529,-0.0333374217778083
7.53,-0.007858150331162808
7.531000000000001,-0.05329546734805571
7.532,-0.006058815935357808
7.533,-0.01867639022306169
7.534,-0.018638300646505512
7.535,0.009355360746680353
7.5360000000000005,-0.026224619386790646
7.537,-0.01954732829053997
7.538,-0.04453774298448362
7.539000000000001,0.015433394948386383
7.54,0.01435306652552591
7.541,-0.019417052935753278
7.542,-0.03376101801963949
7.543,-0.018669160199968435
7.5440000000000005,0.037336309466580814
7.545,-0.013763938973197672
7.546,-0.017480152574150427
7.547000000000001,-0.031637002676324785
7.548,-0.013737237563272298
7.549,0.0027917073345221843
7.55,0.0037322434325331305
7.551,-0.035305084111104196
7.5520000000000005,0.01855114995906896
7.553,-0.007330422062446072
7.554,0.010263623013371047
7.555,-0.013210453954965482
7.556,-0.019767969659065937
7.557,-0.0025536239170359703
7.558,-0.06096022476101311
7.559,-0.03179801552750779
7.5600000000000005,0.015395251580894918
7.561,-0.05338519627345528
7.562,-0.00865025584303241
7.563,-0.0037788264934710764
7.564,-0.010320131778867392
7.565,0.0249658187285892
7.566,0.0027278970106900235
7.567,-0.02351920941803394
7.5680000000000005,-0.016484835502729896
7.569,0.02970379787947646
7.57,0.011539306455635905
7.571,0.001480605176880468
7.572,0.005915388305992421
7.573,-0.03450042478390632
7.574,-0.02489807138550602
7.575,-0.025228210153306667
7.5760000000000005,-0.025147128556333394
7.577,-0.0020450084100504997
7.578,-0.005437086359988157
7.579,-0.009346725209197753
7.58,-0.012181468319251373
7.581,-0.02415615483934007
7.582,-0.030601561067560207
7.583,0.011416247710735817
7.5840000000000005,-0.028852429916595757
7.585,-0.009127532791645913
7.586,-0.028236342371487026
7.587,-0.011048326024399055
7.588,-0.017964219153503422
7.589,0.0018899321384729297
7.59,-0.0296906257100712
7.591,-0.046014157411834566
7.5920000000000005,-0.01583660067028284
7.593,-0.021139477392461983
7.594,0.007394035937693935
7.595,0.007539023701053719
7.596,0.0023483021007466437
7.597,-0.00879673646752746
7.598,0.0029201855441832996
7.599,-0.0003733154078634192
7.6000000000000005,-0.0010644754073169966
7.601,-0.010017190905860916
7.602,-0.04508859227440429
7.603,0.006299266006383931
7.604,-0.013457888173370557
7.605,-0.028854898668054237
7.606,-0.02697485349080873
7.607,-0.01865662636522654
7.6080000000000005,-0.00335121196735191
7.609,0.026835416329094603
7.61,-0.02538639900537089
7.611,-0.004952433742717506
7.612,0.02638670535182787
7.613,-0.02702293197192347
7.614,-0.022554021444490473
7.615,-0.016999160332802125
7.6160000000000005,0.004720150886996094
7.617,0.020832444057850397
7.618,4.2026487526889214e-05
7.619,0.012648626489790102
7.62,-0.01329479357469592
7.621,-0.009184411204110938
7.622,-0.026747770501151062
7.623,0.0026421382466790266
7.6240000000000006,-0.005931006266048672
7.625,-0.028797947025687762
7.626,-0.04145087690227425
7.627,0.0030572854891502636
7.628,0.00011185643777080444
7.6290000000000004,-0.01733575827808559
7.63,-0.010734233345935984
7.631,-0.05864896492479501
7.632000000000001,-0.025964959266307104
7.633,-0.003295735177642029
7.634,-0.025227397696780503
7.635,-0.03181633385320981
7.636,-0.003785323313768808
7.6370000000000005,-0.06775928046423879
7.638,-0.015668408190634628
7.639,-0.001823034687874826
7.640000000000001,-0.023878823827237015
7.641,-0.02120884875070391
7.642,0.005249830027272813
7.643,-0.038178110721434774
7.644,-0.042876385495967895
7.6450000000000005,-0.09436071276492215
7.646,0.0033106857668281815
7.647,-0.022268116557074676
7.648000000000001,-0.01919767042051
7.649,-0.03750495542000229
7.65,0.012370734301348354
7.651,-0.03162364971268739
7.652,0.022486442293315256
7.6530000000000005,-0.014471282166057576
7.654,-0.03735089676383185
7.655,-0.021435375900182806
7.656000000000001,-0.021054048274880874
7.657,-0.03807372211434552
7.658,-0.002506894760894071
7.659,-0.01673599826349906
7.66,-0.03267503829725257
7.6610000000000005,-0.011578805103302807
7.662,-0.01513530018966161
7.663,-0.037293813910868195
7.664000000000001,-0.0014384827270841095
7.665,-0.032937064975467
7.666,-0.04924118897998307
7.667,-0.027615194596295446
7.668,-0.0250627231781624
7.6690000000000005,0.00804552821144277
7.67,-0.00300589201996811
7.671,0.0014375070975212213
7.672000000000001,0.00560549408739628
7.673,-0.03524118138010212
7.674,-0.057765276398799956
7.675,-0.04428529890663463
7.676,-0.0035911533908673243
7.6770000000000005,-0.0060430109418056575
7.678,-0.018177526314807763
7.679,-0.037623034336700875
7.68,-0.03322447309811713
7.681,0.020235548972853887
7.682,-0.01923284501456097
7.683,-0.0001732598510263833
7.684,-0.01465706648554199
7.6850000000000005,0.012546799102055521
7.686,-0.03142965301481458
7.687,0.008917465204650424
7.688,-0.005044849277077058
7.689,-0.030404465451828837
7.69,-0.012676488410460051
7.691,-0.04017670110131889
7.692,0.01398250563584131
7.6930000000000005,0.012834586665285794
7.694,-0.020150097276819517
7.695,-0.02631119248316575
7.696,0.009761395536787648
7.697,0.00024410389529138862
7.698,-0.02683316730448227
7.699,-0.00947128506979651
7.7,-0.03011605819048286
7.7010000000000005,-0.05590186637915233
7.702,-0.020619718119343895
7.703,-0.02015138703660769
7.704,-0.02164669397395361
7.705,-0.027596084518163134
7.706,-0.04197568746122665
7.707,-0.02425549280531124
7.708,0.00021092800605977333
7.7090000000000005,-0.01992273297336355
7.71,-0.015391849764851348
7.711,-0.04987895660647955
7.712,0.00414988517872332
7.713,-0.029663994601456453
7.714,-0.009826955596421001
7.715,-0.008275758256135081
7.716,-0.013770461681137368
7.7170000000000005,-0.04216761316702576
7.718,-0.002049798274308602
7.719,-0.011929231630358021
7.72,-0.046897445101020716
7.721,-0.012337662134908344
7.722,0.001909644196684164
7.723,-0.019291406953099353
7.724,0.01627074993490945
7.7250000000000005,-0.023607803184751294
7.726,0.0051464869712876185
7.727,-0.03132659166158489
7.728,-0.019850467097705844
7.729,-0.025810635663468785
7.73,-0.013617461340778642
7.731,-0.04115884577364286
7.732,-0.023427632847208984
7.7330000000000005,-0.002738939286433952
7.734,0.0003737848015670023
7.735,0.013851645247161534
7.736,-0.03477373935979101
7.737,0.015439353998544708
7.738,-0.03447336621994283
7.739,-0.009116993679329069
7.74,-0.01703623054792479
7.7410000000000005,-0.0037425305731644057
7.742,-0.04070433624369884
7.743,-0.045322848326981136
7.744,0.00511247187009416
7.745,-0.03111835579571669
7.746,-0.03771925093430804
7.747,-0.016601757767857106
7.748,0.005433537160761153
7.7490000000000006,-0.048403564229408724
7.75,-0.03265800208784334
7.751,0.002678507999833945
7.752,0.005821799179319104
7.753,-0.029340992222212356
7.7540000000000004,-0.030232625011081666
7.755,-0.01936086452958489
7.756,0.007363819518544583
7.757000000000001,-0.014072436225966906
7.758,-0.022375917469594477
7.759,-0.06312709548906159
7.76,-0.0020497744461836914
7.761,-0.06748560168146508
7.7620000000000005,-0.03922788556591063
7.763,-0.003440825000938466
7.764,-0.013798250272763097
7.765000000000001,-0.0319933202745109
7.766,-0.040968178946321855
7.767,-0.04361043572080635
7.768,-0.027396926697432183
7.769,-0.009961942862659865
7.7700000000000005,-0.010007880797064581
7.771,-0.01780696961544052
7.772,0.025439993170190457
7.773000000000001,-0.024391355066871068
7.774,-0.024419389017764186
7.775,-0.05296614294816839
7.776,-0.020521412559142506
7.777,0.003474102389874681
7.7780000000000005,-0.028731374228045635
7.779,-0.04769818503737841
7.78,-0.019945246250462463
7.781000000000001,-0.014229026516724834
7.782,0.0001495936217299973
7.783,0.011051206663785982
7.784,-0.030248618929153672
7.785,-0.006346772938853528
7.7860000000000005,-0.0249062521723426
7.787,-0.04417219204759553
7.788,-0.02002337194021107
7.789000000000001,-0.04708053594412398
7.79,-0.050451335484592394
7.791,-0.0022811781647754208
7.792,0.010557551535401145
7.793,0.0273061052688242
7.7940000000000005,0.04976480068924023
7.795,-0.029558266276205475
7.796,-0.04544846262853472
7.797000000000001,-0.013833619976041137
7.798,-0.028680727446358627
7.799,-0.03390658326762115
7.8,-0.04024495790683738
7.801,-0.019413775749688902
7.8020000000000005,0.004993516958562445
7.803,-0.023364458435138354
7.804,0.0067858480040649365
7.805000000000001,-0.018482193123643357
7.806,-0.016583963945190867
7.807,0.007706608360197573
7.808,-0.02109247682082724
7.809,-0.007576153521958952
7.8100000000000005,-0.030528776561598324
7.811,-0.021496627546243076
7.812,-0.04441970922763327
7.813,-0.01485951960720775
7.814,-0.014688121102471807
7.815,-0.017469802489164764
7.816,-0.01578054715458068
7.817,-0.04972968996194378
7.8180000000000005,-0.017912953060388166
7.819,-0.040991612173605044
7.82,-0.0377081818895407
7.821,0.028937051824544542
7.822,-0.0031678828361125337
7.823,0.004804094593902606
7.824,-0.007417646132713883
7.825,-0.009440654542581499
7.8260000000000005,-0.03881021774244047
7.827,0.009672440542025422
7.828,-0.037576996355742825
7.829,-0.01790601570157601
7.83,0.014370026097400648
7.831,-0.01805289860387687
7.832,-0.022545099833315374
7.833,-0.023822866312162926
7.8340000000000005,-0.028248236256131952
7.835,-0.047962694538752015
7.836,-0.028558947516107325
7.837,-0.049037727261933506
7.838,0.016750294741406477
7.839,-0.03842859566290653
7.84,-0.026894167260819134
7.841,0.01572711624966946
7.8420000000000005,-0.029161701409684757
7.843,-0.017892110588822036
7.844,-0.02666468998451828
7.845,-0.03628817396316504
7.846,-0.01795805196683775
7.847,-0.05048257640320624
7.848,-0.06689752401662859
7.849,-0.021318818047220814
7.8500000000000005,-0.014913863986671903
7.851,-0.0347032831108867
7.852,-0.04844133452262456
7.853,-0.03131555163531512
7.854,-0.003493375028241515
7.855,-0.0013304118111108695
7.856,-0.034032737795883984
7.857,-0.011617559380053759
7.8580000000000005,0.0053842920606966965
7.859,-0.0037151247521738304
7.86,-0.004052509619267558
7.861,-0.050363192323979
7.862,-0.03747361288771281
7.863,-0.024558511039988313
7.864,-0.029617449461194097
7.865,-0.03579711163218613
7.8660000000000005,0.008543423342077638
7.867,-0.024177735475951135
7.868,0.012243041220422432
7.869,0.0003763338591588755
7.87,-0.02602288257161322
7.871,-0.046213031290162486
7.872,-0.026907768422413242
7.873,-0.04454050530997256
7.8740000000000006,-0.018949774901748134
7.875,-0.023226399931492073
7.876,-0.034261180802561686
7.877,0.013220406555468033
7.878,0.019807812276425453
7.8790000000000004,0.010752170378580849
7.88,-0.03129301982653473
7.881,-0.03768658435466732
7.882000000000001,-0.0034010128784958266
7.883,-0.015184926224277636
7.884,-0.006991795032588338
7.885,0.00939489406550427
7.886,-0.04392480198548188
7.8870000000000005,-0.016504165571215073
7.888,-0.023666525889271567
7.889,0.009681805105684511
7.890000000000001,-0.025273634608345263
7.891,-0.017914273433994536
7.892,-0.026090523130226542
7.893,-0.01971025238643917
7.894,-0.016228448814809403
7.8950000000000005,-0.021181981801987486
7.896,-0.027024130797120564
7.897,-0.028161563292107714
7.898000000000001,-0.018512680511546982
7.899,-0.03291492659340578
7.9,-0.04035330186107976
7.901,-0.041697541732064906
7.902,-0.053775624899449544
7.9030000000000005,-0.04328534578941704
7.904,-0.03516106127373371
7.905,0.02023600164152902
7.906000000000001,0.0072722510867692155
7.907,-0.04027225852373123
7.908,-0.02428878330142245
7.909,-0.03087071859967789
7.91,-0.003215230751449103
7.9110000000000005,0.003995848535665272
7.912,-0.008571064595913282
7.913,-0.014630925596685605
7.914000000000001,-0.016816387501626544
7.915,-0.01553305872669653
7.916,-0.01213952096881957
7.917,0.00031052801900190163
7.918,-0.04019629892518702
7.9190000000000005,0.011464576730840035
7.92,-0.031272862540771995
7.921,-0.009983444462840748
7.922000000000001,0.0031422814364495746
7.923,0.010434139585585048
7.924,-0.044496911607562195
7.925,-0.026797530850640076
7.926,-0.056221192681446285
7.9270000000000005,-0.013029123141100224
7.928,-0.03929216802903935
7.929,-0.03049942022621505
7.930000000000001,0.004279224847786983
7.931,-0.028609853238462393
7.932,0.00940059859996807
7.933,0.0030128916350853014
7.934,-0.04456508501409713
7.9350000000000005,0.012144785757047891
7.936,-0.02898708250430125
7.937,-0.0007401294912861116
7.938,-0.02553402975892893
7.939,-0.041168581713609285
7.94,0.009831144357653155
7.941,-0.02299479199482901
7.942,-0.008099786565468354
7.9430000000000005,-0.029715994173018477
7.944,0.021553674370415467
7.945,-0.03183988818524811
7.946,-0.02585800082574072
7.947,-0.0415566598352829
7.948,-0.0074254063001692764
7.949,-4.890836720791974e-05
7.95,0.002014286517465701
7.9510000000000005,-0.03710510017179249
7.952,0.02880520827241883
7.953,0.005585001636159784
7.954,0.003863149799978552
7.955,-0.04169398977974897
7.956,-0.02606069135626104
7.957,-0.005412186437625391
7.958,0.02437850357266536
7.9590000000000005,-0.005319194117012344
7.96,-0.0537609549326063
7.961,-0.05433833045076141
7.962,-0.024103865188262952
7.963,-0.030881158496893095
7.964,-0.033950304180368165
7.965,-0.016005734378257946
7.966,-0.03383812444096787
7.9670000000000005,-0.006004251569478171
7.968,-0.04182145215705765
7.969,-0.032235752100399
7.97,-0.0011823164265804898
7.971,0.008757934385352523
7.972,0.014646073793858107
7.973,-0.0011850747931483408
7.974,-0.0162300796958567
7.9750000000000005,-0.017225667009287425
7.976,-0.00853994081243799
7.977,-0.005283196688089383
7.978,0.016730297170620523
7.979,0.0012338160258620686
7.98,-0.006213181706729573
7.981,-0.03806465977443246
7.982,-0.042155896718544146
7.9830000000000005,-0.015165191489568923
7.984,0.007998220524283195
7.985,0.015948462954936016
7.986,-0.040279264262392235
7.987,0.03348542241790798
7.988,-0.021244860245530225
7.989,-0.015028582976002599
7.99,-0.011130031791355145
7.9910000000000005,-0.03520476399301933
7.992,-0.015357192859126059
7.993,-0.023341818858779118
7.994,-0.006305978904442339
7.995,-0.007264691545370416
7.996,-0.02103816732611359
7.997,0.019371049631990742
7.998,-0.020566649141587914
7.9990000000000006,-0.021639745025272068
8.0,-0.029802529415886726
8.001,-0.03235674238367704
8.002,-0.021135648477909427
8.003,0.020503460489275552
8.004,0.013389701382481413
8.005,0.009709570437432556
8.006,0.0121615507788037
8.007,-0.04916562497987815
8.008000000000001,0.012883543848511887
8.009,-0.010367342763155332
8.01,-0.031144435531267615
8.011000000000001,-0.018626113242990825
8.012,0.01974965717108677
8.013,-0.01721422259107388
8.014,-0.013257583550812123
8.015,-0.022429616968884854
8.016,-0.023406281885374774
8.017,-0.01896900753153163
8.018,0.0005292123748440944
8.019,-0.005139202125091531
8.02,0.0576747516981552
8.021,0.013933926244644589
8.022,-0.014130700052528929
8.023,-0.02136352402279105
8.024000000000001,-0.0017829694580633465
8.025,0.011482072089358017
8.026,-0.023266408552291784
8.027000000000001,-0.014509724174401455
8.028,-0.007916257204662892
8.029,-0.0298034851340459
8.03,-0.014376645189438143
8.031,0.0025005892925618113
8.032,0.008541190213294645
8.033,-0.010481864292292342
8.034,0.012072391454206107
8.035,0.011030833583788882
8.036,-0.005504578448237779
8.037,0.013238401200330449
8.038,-0.029788127980716842
8.039,0.004760419608987594
8.040000000000001,-0.0016017984173365245
8.041,-0.005181112674170826
8.042,-0.010458861113559275
8.043000000000001,0.015832665581545766
8.044,-0.007673525151284017
8.045,0.00012297498285250476
8.046,-0.013703552955803746
8.047,0.022926560780112046
8.048,-0.025093372532087672
8.049,-0.005616264525604856
8.05,0.01222565473607758
8.051,0.011658113633446592
8.052,0.009035992697192968
8.053,-0.016397497827600187
8.054,0.020161562553057087
8.055,-0.039314996641540034
8.056000000000001,-0.0031026051630286917
8.057,-0.007630911491811834
8.058,-0.0049332823473105325
8.059000000000001,-0.020194250148024773
8.06,0.005223232626164378
8.061,-0.030836091103631814
8.062,0.021796843896716298
8.063,-0.00585473592399158
8.064,0.02210443321949937
8.065,-0.014069992903168026
8.066,0.004456976109119546
8.067,0.0009268861319655904
8.068,0.027538107530403595
8.069,0.004025681539793615
8.07,-0.011055139708749431
8.071,-0.02053438500368975
8.072000000000001,-0.0028727633001741706
8.073,-0.007420117197003808
8.074,0.02604617471260052
8.075,0.019274041961235083
8.076,-0.014318692718347664
8.077,0.002672808246204619
8.078,-0.0006727791209884867
8.079,0.007604542797222522
8.08,-0.01410200708077001
8.081,0.01524940697774885
8.082,-0.006528696018142549
8.083,-0.010088303859335523
8.084,0.03076752275765072
8.085,-0.006333069478498734
8.086,0.04332177990952532
8.087,0.008844485799334792
8.088000000000001,-0.0023323881459603613
8.089,-0.00983645479972973
8.09,0.006565797139102196
8.091,-0.01597190124358317
8.092,0.002072400436608641
8.093,0.014828932577980979
8.094,0.009907194429097833
8.095,0.004318783982573366
8.096,0.03138973321770384
8.097,-0.007799536027435983
8.098,0.03948849480907947
8.099,0.008947205259376683
8.1,-0.006603819563473369
8.101,0.013450072024700378
8.102,0.05024014502423116
8.103,0.0020303040046001433
8.104000000000001,0.04518388486445512
8.105,0.04198660281885001
8.106,0.017723646756058406
8.107,0.018251259854258784
8.108,0.008200868261981919
8.109,0.0017884083353102345
8.11,0.016548749474864788
8.111,0.040086590218176205
8.112,-0.0029091678704386854
8.113,0.009424117226997257
8.114,0.013070848929292427
8.115,0.03147604917329002
8.116,0.023147638124633135
8.117,0.02348288551892215
8.118,0.0011793854097739923
8.119,-0.011488906542952497
8.120000000000001,0.0071459370135325126
8.121,-0.013497154146560792
8.122,0.011205765803040649
8.123,-0.03233520511500944
8.124,-0.011975166560295777
8.125,0.019582811895591138
8.126,-0.005061096581789793
8.127,-0.020909163456038056
8.128,-0.0010457319080820378
8.129,-0.015156559557304484
8.13,-0.002519057110195108
8.131,0.005898494657620287
8.132,0.03471992003772591
8.133000000000001,-0.01099475540322324
8.134,0.03978152498962844
8.135,-0.049857063987238485
8.136000000000001,-0.012916266749519416
8.137,0.010492300508313596
8.138,0.01258209392549527
8.139,0.01260269083430034
8.14,0.00830718880363929
8.141,0.005368460838633477
8.142,0.000512251725737654
8.143,-0.0021927800662731
8.144,0.011146316836379658
8.145,0.007500596065884278
8.146,0.0227472850302518
8.147,-0.010355282677770224
8.148,0.029401142182631693
8.149000000000001,0.01677481844438655
8.15,0.017244057593390365
8.151,-0.01635179024170864
8.152000000000001,-0.0068672529245174425
8.153,0.02270046284489888
8.154,-0.006695017382774438
8.155,0.0013418308103716296
8.156,0.02336002529911209
8.157,-0.03617343324319394
8.158,0.014290771759183283
8.159,-0.00738300520398928
8.16,0.04836376297441873
8.161,0.013166452184314857
8.162,0.004321840862558941
8.163,0.061229718530315363
8.164,0.026363609891695693
8.165000000000001,0.007413062882452342
8.166,-0.0024101113295790164
8.167,0.006159812715519039
8.168000000000001,0.015515208548326068
8.169,-0.03889520273329877
8.17,0.031240848573852426
8.171,0.022887802000911683
8.172,0.009273759437693298
8.173,-0.018296821238413204
8.174,-0.043424022142402374
8.175,0.01488065599472029
8.176,0.008230986883802492
8.177,0.00575615307634314
8.178,-0.0005277357863445343
8.179,0.014195872338221316
8.18,-0.020712849297333084
8.181000000000001,0.002847536545786934
8.182,-0.02240479395145919
8.183,-0.012399482116398658
8.184000000000001,0.008219509817084858
8.185,0.01644783112431882
8.186,0.018534290138214653
8.187,-0.00400846488558803
8.188,-0.0037871797832749535
8.189,0.005237441564528853
8.19,0.04103078495918662
8.191,-0.014524756141653841
8.192,0.04035294506975889
8.193,-0.0092284798221208
8.194,-0.0022384591860002377
8.195,-0.0066492696641613745
8.196,0.03538607460100502
8.197000000000001,0.022796022845616007
8.198,0.04660187479003938
8.199,0.03446712409643321
8.2,-0.003762465039114961
8.201,-0.006132094792901652
8.202,-0.014259743528268903
8.203,0.03126514555631292
8.204,0.008100029850446907
8.205,0.01259014118960794
8.206,-0.032953028668467554
8.207,0.019333316548986304
8.208,0.003325725510211621
8.209,0.02443547938337514
8.21,0.025964229054589928
8.211,-0.003708240133954068
8.212,0.014641040618994277
8.213000000000001,0.00913336948198823
8.214,0.0022422617463165716
8.215,0.0032060994999995075
8.216,-0.006579796987074928
8.217,0.0030156172612744517
8.218,0.00086904068059784
8.219,0.029896996553558687
8.22,-0.045479650730867544
8.221,0.018200770176377456
8.222,0.012762150349346087
8.223,-0.020802170994765102
8.224,0.007797412498938373
8.225,0.014461563045268142
8.226,0.044661478829623576
8.227,0.0020789001333912822
8.228,-0.011224652481429752
8.229000000000001,0.019577656295895914
8.23,-0.03279974614581982
8.231,-0.006433900475979179
8.232,-0.004325949774091627
8.233,0.008847090850974317
8.234,0.004142161436677786
8.235,0.011928706371014865
8.236,-0.009080078177537084
8.237,-0.006436573066934431
8.238,0.003339852466479179
8.239,0.04438443302753721
8.24,0.0034796836040886514
8.241,0.009160820755309503
8.242,0.00964081085112032
8.243,0.022855992622738623
8.244,0.005647214074196712
8.245000000000001,0.03422598311658123
8.246,0.03317153690411877
8.247,0.022052287002175697
8.248,-0.021785039800573214
8.249,-0.0023871685305105854
8.25,-0.03641968039799971
8.251,-0.0033929513128404948
8.252,0.03707184022841392
8.253,0.008357026123450666
8.254,0.02532958899040066
8.255,0.014058539212623455
8.256,-0.03981336836309106
8.257,-0.009972793566245579
8.258000000000001,0.01724081776941295
8.259,-0.0033040535941477357
8.26,0.022824356243146153
8.261000000000001,0.019430545917377667
8.262,0.025229247790304814
8.263,-0.004904114318402472
8.264,-0.06558588529430079
8.265,-0.0034635008496136203
8.266,0.004617660709532814
8.267,-0.03899054923563745
8.268,0.004419460956660532
8.269,0.02845256953351901
8.27,-0.003034361506994713
8.271,0.032270501250823654
8.272,-0.02107811887140706
8.273,0.029227445416055386
8.274000000000001,0.010954806458713436
8.275,0.0052957359470670595
8.276,-0.012765163629862346
8.277000000000001,0.024231617913395544
8.278,-0.007383301759789858
8.279,0.013889035162801799
8.28,-0.00038733831423695686
8.281,-0.003008921227426173
8.282,0.038801969113786874
8.283,-0.014137449960084727
8.284,0.017776308933010864
8.285,-0.016923302960981927
8.286,0.024267947682443235
8.287,0.002838146200160995
8.288,-0.01039096855668226
8.289,0.026718093319647463
8.290000000000001,0.020315461297068807
8.291,0.00995870752127944
8.292,-0.0020548532610865436
8.293000000000001,-0.017746480590597857
8.294,0.011357667180206985
8.295,-0.02246710174124682
8.296,-0.013413214252962716
8.297,-0.020813578055529056
8.298,0.019961591808442307
8.299,0.030172989376263035
8.3,0.015523516221910593
8.301,0.006445772339873351
8.302,-0.05397640568784459
8.303,0.011619063353386654
8.304,-0.011840850370425718
8.305,0.011749183686609344
8.306000000000001,0.01863360570073818
8.307,0.0008735687091604924
8.308,-0.015283260549925601
8.309000000000001,-0.02057137486980494
8.31,-0.012382402144786281
8.311,0.01757909018585917
8.312,0.04270348766914557
8.313,0.02804481532245603
8.314,-0.0054227425663921115
8.315,0.018468815993511852
8.316,0.017727862645027997
8.317,0.02229618171789397
8.318,0.005247899845230546
8.319,0.027254873692996548
8.32,0.0012762037786962777
8.321,0.009146379185055826
8.322000000000001,0.019371827362238244
8.323,0.027414589722620227
8.324,-0.0033437730023689344
8.325,0.006418528508879116
8.326,0.011132244903055135
8.327,0.04618388553079128
8.328,0.029684818827680357
8.329,0.020170026042380686
8.33,-0.035336208685753615
8.331,-0.010489240809962367
8.332,0.002472347900415386
8.333,-0.00824587581250332
8.334,-0.03083485950033003
8.335,-0.009467736033857676
8.336,-0.010727289019706744
8.337,-0.046519072377823295
8.338000000000001,0.02263645458611986
8.339,0.027639910620933912
8.34,0.046008194485769656
8.341,0.00776362644600943
8.342,0.0259692632470126
8.343,-0.006490739089282518
8.344,-0.038712461965402664
8.345,-0.005304782950649591
8.346,0.026342731947796655
8.347,-0.010585439598811456
8.348,0.01944576546356037
8.349,0.025252252132190234
8.35,0.00840253067009309
8.351,0.03325957835655443
8.352,-0.012484968043692288
8.353,0.0054876007917214345
8.354000000000001,0.011550270114370686
8.355,-0.006080036567433167
8.356,0.013059843395034057
8.357,0.0007221159588054228
8.358,0.003400052258305468
8.359,0.005281756102980186
8.36,-0.016195787464881296
8.361,-0.011572261728173498
8.362,-0.009665866843920772
8.363,0.013945794161769564
8.364,-0.01799301560408199
8.365,-0.02332954170630581
8.366,-0.016389955994157632
8.367,0.0010389819761798032
8.368,0.0401656359413028
8.369,-0.013912391378399691
8.370000000000001,0.021451858765568835
8.371,0.011266592103714588
8.372,0.023745926906627184
8.373,0.0009082859283307508
8.374,0.008427351077907201
8.375,0.006760085106929884
8.376,-0.01622222112652346
8.377,0.01932490286229701
8.378,0.0005149061166217148
8.379,0.02056433870157654
8.38,0.011514610970042432
8.381,0.037156177659834255
8.382,-0.04114315694079465
8.383000000000001,0.004775792117145495
8.384,0.023406639224752526
8.385,0.0011364046240340576
8.386000000000001,0.03144848117615025
8.387,0.008793305200029446
8.388,0.022470332439342995
8.389,0.006115623452830219
8.39,-0.004635155151245586
8.391,0.04090384961791018
8.392,0.013245630957557458
8.393,0.02185295728153793
8.394,-0.027262857841595593
8.395,0.009287817720361606
8.396,-0.019060868782095394
8.397,-0.010749628734425828
8.398,0.019307925595170767
8.399000000000001,0.03139945171232775
8.4,-0.0032185591678566324
8.401,0.035710035718421435
8.402000000000001,0.01652537182496706
8.403,0.010821975266525917
8.404,0.0007358286227012664
8.405,0.004245690568202908
8.406,0.03878975259003385
8.407,-0.007296682429745337
8.408,0.03795438433366599
8.409,0.01867361031980213
8.41,0.001472563495007408
8.411,0.007460829512088269
8.412,-0.000972249992546954
8.413,-0.01657543719165871
8.414,0.01943972666604603
8.415000000000001,0.021779985530453717
8.416,-0.01337877248493946
8.417,-0.02357225157353479
8.418000000000001,0.010922945201898666
8.419,-0.013334540085843172
8.42,0.0037080396705490484
8.421,0.041846219922706276
8.422,0.0033665009462722807
8.423,0.01677559238671424
8.424,0.031456965132680925
8.425,0.039798638346431554
8.426,0.006983557813575102
8.427,0.012767111857294549
8.428,-0.008235201882154364
8.429,-0.019138677474945798
8.43,0.006271641079410362
8.431000000000001,-0.016002740090606406
8.432,-0.01667301675085467
8.433,-0.014794183390008701
8.434000000000001,0.003293706001673013
8.435,0.013909860342329139
8.436,-0.016267395482743422
8.437,0.030251924592695614
8.438,0.015269441498021034
8.439,-0.005723125645831924
8.44,0.02382000928022469
8.441,-0.01927721941346371
8.442,-0.03838317175732274
8.443,0.0034699104302866038
8.444,-0.02372611810924577
8.445,0.03413034999012821
8.446,0.012120028840998
8.447000000000001,0.02349681563521606
8.448,-0.05049623806545921
8.449,0.011824008923382218
8.45,0.01228042813567723
8.451,0.012170280413379298
8.452,0.04938953978933064
8.453,-0.008744539602339833
8.454,0.02013582759941666
8.455,0.01978834619543004
8.456,0.020876256827035176
8.457,0.018615362077691676
8.458,0.011855388010810312
8.459,-0.044419198707566984
8.46,-0.03690419700681101
8.461,-0.03306903283051658
8.462,0.0026271445048235992
8.463000000000001,0.00343499793058291
8.464,0.006638766195027816
8.465,0.0016315416820715935
8.466,-0.014531841443430152
8.467,-0.03369580802970122
8.468,0.020047322146085032
8.469,-0.01602193276370619
8.47,-0.015810525419774887
8.471,-0.014989532748850575
8.472,-0.009579406813965435
8.473,0.024263629374927792
8.474,-0.012517878903692237
8.475,0.0036232702243294817
8.476,-0.037387121100612215
8.477,0.004472915927566729
8.478,-0.002508066365738304
8.479000000000001,0.0025703227694276825
8.48,-0.008549464386142161
8.481,0.0050972985768187665
8.482,-0.018570530370482334
8.483,-0.03167358609455328
8.484,-0.02669412909049454
8.485,-0.02523902654841639
8.486,-0.002334576764919029
8.487,0.0021743635618036296
8.488,-0.01608722262984438
8.489,-0.0280896070369368
8.49,0.007821407225750459
8.491,-0.05052051997448118
8.492,-0.015617613334401587
8.493,0.0035192865309993195
8.494,0.0044518979183648475
8.495000000000001,-0.02767760694070028
8.496,-0.0008040245574874488
8.497,-0.03021005051536801
8.498,-0.014178973173244487
8.499,0.00429926478539452
8.5,-0.002544633924772887
8.501,0.0018924022622088248
8.502,-0.05399774143816679
8.503,-0.009544343752797214
8.504,-0.02231059164187456
8.505,-0.005208131525614688
8.506,-0.0004349168230960282
8.507,0.002281522509702866
8.508000000000001,0.015990765625509856
8.509,-0.011871570834194475
8.51,-0.007129107641876279
8.511000000000001,-0.011267005030155016
8.512,-0.03895041720718597
8.513,0.018007996592276528
8.514,-0.017550871912940025
8.515,-0.001348088559968687
8.516,-0.017757360166539938
8.517,-0.05032542554840264
8.518,-0.021755712904362668
8.519,-0.019470403976680213
8.52,-0.01008840585407651
8.521,-0.0003322988443324893
8.522,-0.03242244563300006
8.523,-0.023366190585480194
8.524000000000001,0.007474180637130514
8.525,-0.026292586364745702
8.526,-0.016697393615829014
8.527000000000001,-0.03903994037509537
8.528,-0.044193022410219676
8.529,-0.026032248388976924
8.53,-0.030126219955460415
8.531,-0.004980473402276348
8.532,-0.0371769371628798
8.533,0.006042877748705077
8.534,-0.042842156766727965
8.535,-0.008069283926239922
8.536,0.0008511561300197919
8.537,-0.05758419670980366
8.538,-0.03596941778924945
8.539,-0.036611313999601665
8.540000000000001,-0.005935303489103953
8.541,-0.0027140574291851824
8.542,-0.014666514508199915
8.543000000000001,0.006844881591014288
8.544,-0.03571488277957998
8.545,-0.04680221491277815
8.546,-0.01914592145122914
8.547,-0.03652674313117332
8.548,-0.028013590038051116
8.549,0.015114455761416552
8.55,-0.021042004527452036
8.551,-0.029124658308001893
8.552,-0.03546311951071886
8.553,0.013653164849633052
8.554,-0.019442287320943153
8.555,0.0004606246247312361
8.556000000000001,-0.013205329281086902
8.557,-0.004671708587013664
8.558,-0.04923635914380626
8.559000000000001,-0.06351804238727765
8.56,-0.028422125243737807
8.561,-0.0005165154771884896
8.562,-0.026943771125521584
8.563,-0.007193940070314663
8.564,-0.013976229724254894
8.565,-0.04985225713860973
8.566,0.006090204562892479
8.567,-0.02245821435975874
8.568,-0.049691929832955
8.569,-7.571563143173032e-05
8.57,-0.008488827789490904
8.571,-0.02802377337205721
8.572000000000001,-0.01931332821592799
8.573,-0.01940551815122685
8.574,-0.028721113238190273
8.575000000000001,-0.022555439089576582
8.576,-0.02389209728184574
8.577,-0.012684688366869513
8.578,-0.02868121144159207
8.579,-0.02943796931664936
8.58,-0.04399995789766829
8.581,0.007627899951126364
8.582,-0.014311747442444463
8.583,-0.009352877052217524
8.584,-0.014988770428284589
8.585,-0.03486516765417075
8.586,-0.045811958653242946
8.587,-0.06186110586505125
8.588000000000001,-0.01437518837141087
8.589,-0.029297355645562045
8.59,-0.019887086926964358
8.591,-0.04185307338834798
8.592,-0.009904402309298732
8.593,-0.040007185948431175
8.594,-0.043586183997618405
8.595,-0.01741506869919287
8.596,0.015857019074995364
8.597,0.001232497531396877
8.598,-0.003540966894629633
8.599,0.0024470284987248066
8.6,0.01080959083037751
8.601,0.005310420406377513
8.602,-0.02419763477456652
8.603,-0.010145642714531541
8.604000000000001,-0.021288079071710327
8.605,0.026856075394063
8.606,-0.03762805922136257
8.607,0.0019123666120141932
8.608,-0.05316449060785636
8.609,-0.027191362404941022
8.61,-0.04971679247629425
8.611,-0.014740757096286975
8.612,-0.0027202210179420186
8.613,-0.0072222029200637
8.614,-0.009037041315369155
8.615,-0.0055234149988089365
8.616,-0.008368828370094453
8.617,-0.014359178997166946
8.618,-0.032874599337524374
8.619,-0.022622859594178975
8.620000000000001,-0.013964356137460856
8.621,-0.04825784450674703
8.622,0.004027240065090476
8.623,-0.0182514263192907
8.624,-0.02633459105541812
8.625,0.003260933027366313
8.626,-0.029912920253125835
8.627,-0.027247494600234793
8.628,-0.04562233204445639
8.629,-0.007120597231880627
8.63,-0.03987392546418024
8.631,-0.024121943955222935
8.632,-0.01337682889820694
8.633000000000001,-0.0453604448190809
8.634,-0.024256724574952704
8.635,-0.048324327985968356
8.636000000000001,-0.022026582855744506
8.637,0.009965234099935667
8.638,-0.04265220855098544
8.639,0.005284022748373309
8.64,-0.02534680307150606
8.641,-0.05019360488889764
8.642,-0.04530935107145349
8.643,-0.02698213773830504
8.644,-0.009242899729017224
8.645,-0.03808739087876883
8.646,-0.027225425770259576
8.647,-0.020348652833252927
8.648,-0.017672283472941377
8.649000000000001,-0.026867066102305978
8.65,-0.04429033455996148
8.651,-0.039894834475802464
8.652000000000001,-0.021736591077599413
8.653,-0.02106440535437687
8.654,-0.022881371480095863
8.655,-0.02486276069580822
8.656,-0.02675225405378502
8.657,-0.027535447872320117
8.658,-0.0018828546488200495
8.659,-0.028281428072215384
8.66,-0.02389536760080288
8.661,-0.042539401912952995
8.662,0.00439081657207502
8.663,-0.040545950930838834
8.664,-0.027425470774019342
8.665000000000001,0.0016316195868841046
8.666,-0.007462553374219779
8.667,-0.005022620954368914
8.668000000000001,-0.0072855629804008445
8.669,-0.014157967995332909
8.67,0.006804947872542622
8.671,-0.03651154845742776
8.672,-0.00765806974782495
8.673,-0.013779312879698863
8.674,-0.005324836022682933
8.675,-0.01737832775160795
8.676,-0.03155645606712263
8.677,-0.02861162464450305
8.678,-0.06658599072886855
8.679,-0.0307460871853023
8.68,-0.016013881110682044
8.681000000000001,-0.03176324608437921
8.682,-0.013239469437509692
8.683,-0.01354852577105201
8.684000000000001,-0.051659097017226666
8.685,-0.005455835378391241
8.686,-0.04849319502881283
8.687,-0.03392142529971222
8.688,-0.004724200901753978
8.689,-0.04573284332850051
8.69,0.007799736370134315
8.691,-0.03675322605558233
8.692,-0.015214431535277736
8.693,-0.01667560561407324
8.694,-0.028677869931232294
8.695,-0.012745857026717863
8.696,-0.013391742172448168
8.697000000000001,-0.0030729978246841465
8.698,0.004763252556652586
8.699,-0.03175864476141277
8.700000000000001,-0.023039726931853594
8.701,-0.0630775152657603
8.702,-0.026663501951136034
8.703,-0.04509452916046286
8.704,-0.01627982528929803
8.705,-0.02492470125188264
8.706,-0.0010359394956017953
8.707,-0.014385078754618669
8.708,-0.01635111916033506
8.709,0.014078538396888128
8.71,-0.0005352635705924008
8.711,-0.012236420276733608
8.712,-0.017829177493513197
8.713000000000001,-0.004298109296703477
8.714,-0.014959411992109053
8.715,-0.036887078183055734
8.716,0.0018886768880217262
8.717,-0.010736183257279418
8.718,-0.024245529823627432
8.719,0.0017445506478702463
8.72,-0.008943821619659599
8.721,-0.009466013061599787
8.722,0.00838802915610076
8.723,-0.03644825621996284
8.724,-0.043085924294047374
8.725,-0.0029594810696840796
8.726,-0.0022848600703994897
8.727,-0.014265438333347634
8.728,-0.0235493085062565
8.729000000000001,-0.0035064235096774633
8.73,-0.08462308998231363
8.731,0.003687363901518286
8.732,0.004406531969971117
8.733,-0.00940739820269101
8.734,-0.02566849415634627
8.735,-0.015280062015314098
8.736,-0.009639358108172902
8.737,-0.01575459409454953
8.738,-0.010141892278205365
8.739,-0.009747471380730142
8.74,-0.024492517215821373
8.741,0.01673222296978949
8.742,-0.005112963621593343
8.743,-0.03842854059401825
8.744,-0.02660343798851377
8.745000000000001,-0.0353690991675886
8.746,-0.02248567324255517
8.747,-0.023846823755217322
8.748,-0.060015488657980114
8.749,-0.02078847997626385
8.75,0.016667338190194222
8.751,-0.010409305784003928
8.752,-0.0012818518460067391
8.753,0.0006527310252700692
8.754,0.0004747412183449106
8.755,-0.04051277051298869
8.756,0.02733150389731534
8.757,-0.015336180997266647
8.758000000000001,0.0004342978219947415
8.759,-0.01538979084149322
8.76,-0.044910560780898556
8.761000000000001,-0.03683827275088522
8.762,-0.01888765108063959
8.763,-0.03696679136298048
8.764,-0.03658923730261856
8.765,-0.023168014781033537
8.766,-0.013322183802580542
8.767,-0.009586734792283582
8.768,-0.017767565888227418
8.769,-0.045509446822517556
8.77,-0.05527114828069579
8.771,0.009241238598762138
8.772,-0.03764514532008162
8.773,-0.03564987409318878
8.774000000000001,0.000982947985104789
8.775,-0.012720648388696692
8.776,-0.007630990178759069
8.777000000000001,-0.03602078960763268
8.778,-0.016392800165353168
8.779,-0.014222648704864302
8.78,0.010824163892150018
8.781,0.007667245882515614
8.782,-0.008642539466334408
8.783,-0.02503511811336244
8.784,-0.023853453943213622
8.785,-0.014144599706448529
8.786,-0.03189471000693779
8.787,-0.019920571259256573
8.788,-0.016513834753931526
8.789,-0.02575161930859217
8.790000000000001,-0.016780221762711958
8.791,-0.013070658666323513
8.792,-0.007365754200223935
8.793000000000001,-0.02985899558688611
8.794,-0.0369969353078554
8.795,-0.04174880285768646
8.796,-0.017863305804769084
8.797,-0.0030653168806724987
8.798,-0.047673906613401464
8.799,-0.06463983090858981
8.8,0.01992278484293377
8.801,-0.0019648947469319052
8.802,-0.03648825036839534
8.803,-0.00332893999099438
8.804,-0.04383317485491884
8.805,0.02213577758138003
8.806000000000001,-0.061247148622923325
8.807,-0.02450099760537425
8.808,-0.0443153818664002
8.809000000000001,-0.0692142134459049
8.81,-0.07098207052268549
8.811,-0.020561584522064053
8.812,-0.01653094300519759
8.813,-0.0189873725336454
8.814,-0.009048063916618623
8.815,-0.021690106156876502
8.816,0.00804167392967094
8.817,-0.02611357143766202
8.818,-0.021553979741831833
8.819,-0.024730370035824838
8.82,0.001594018824712641
8.821,-0.001471924016647256
8.822000000000001,-0.008566179347908123
8.823,-0.029560029442398193
8.824,-0.025741391363291694
8.825000000000001,-0.02899190716011371
8.826,-0.0066765274993595795
8.827,-0.015718826487114687
8.828,-0.037309788338302646
8.829,-0.031003499795939016
8.83,-0.035622038847768565
8.831,-0.02858685110528942
8.832,-0.040493717203405076
8.833,-0.022637291111937914
8.834,-0.03180012694915676
8.835,0.004035149029724789
8.836,-0.046707134679916995
8.837,-0.01727590848799803
8.838000000000001,-0.03983723620022307
8.839,-0.04300838452807372
8.84,-0.013687249426133561
8.841,-0.01802946526911592
8.842,0.0031674477097045003
8.843,0.01302188617862788
8.844,-0.002179551103434844
8.845,-0.03904586173024059
8.846,-0.054446896127303544
8.847,-0.04410649794687563
8.848,-0.015733644149879412
8.849,-0.030471702913599595
8.85,-0.003578370820870199
8.851,-0.030322819392241105
8.852,0.0012417707869922124
8.853,0.00122884191953768
8.854000000000001,-0.02734275289343958
8.855,-0.010358297895154474
8.856,-0.043402022351017484
8.857,-0.017311914317631464
8.858,-0.009359345369663565
8.859,-0.013091060852721693
8.86,-0.03229362742027911
8.861,-0.003809765324091297
8.862,-0.02087624165565087
8.863,-0.03993311918956169
8.864,0.016776300118068646
8.865,-0.018272998440562377
8.866,-0.03538186244995833
8.867,-0.03175478252945117
8.868,-0.022194799861016152
8.869,-0.02954949298137774
8.870000000000001,-0.034201014599342404
8.871,-0.02454563063413184
8.872,-0.006764912726456258
8.873,-0.02148542489660583
8.874,-0.08124125777116262
8.875,-0.015905860851200236
8.876,0.004824797831518303
8.877,-0.0426609957697693
8.878,-0.027074511405566354
8.879,-0.035791564847382384
8.88,-0.006857174452194909
8.881,-0.047081345344355756
8.882,-0.043796298168685965
8.883000000000001,-0.02040094370260582
8.884,-0.020245935755639148
8.885,-0.017039511318128607
8.886000000000001,0.005002741903518886
8.887,-0.03509468726952848
8.888,-0.04151264037779716
8.889,-0.05491275921146342
8.89,-0.029808710536623637
8.891,0.006942956301399461
8.892,-0.003620447565722014
8.893,-0.006478898010469395
8.894,-0.02241623225326434
8.895,-0.0425917257681913
8.896,-0.05460853112984296
8.897,-0.0607429312463783
8.898,-0.026358669080994684
8.899000000000001,-0.04887636700194935
8.9,-0.03814748182852204
8.901,0.020955152726279784
8.902000000000001,-0.03363750228488889
8.903,-0.04957076432554749
8.904,-0.01323102841742027
8.905,-0.04374667497064692
8.906,-0.025715825580561645
8.907,-0.016933938025136246
8.908,-0.030577538256923244
8.909,-0.016299014215911303
8.91,-0.030286489865331508
8.911,-0.031145539759959002
8.912,-0.02662347375373855
8.913,0.00018932556020749385
8.914,-0.01863011467649854
8.915000000000001,-0.04987869604378928
8.916,-0.04327457136642157
8.917,-0.025222202731112604
8.918000000000001,-0.02560880580997002
8.919,-0.025443302594037827
8.92,-0.035648072400273366
8.921,-0.04602768290417319
8.922,-0.0016996827690315105
8.923,-0.003443029081881135
8.924,-0.0046621443113849725
8.925,-0.003657807050410783
8.926,-0.026325524039765822
8.927,-0.0065026910018975105
8.928,-0.03929983037376968
8.929,-0.028991365127508887
8.93,-0.028334260429374526
8.931000000000001,-0.04181908915029581
8.932,-0.048657462547072455
8.933,-0.006116264565654267
8.934000000000001,-0.018899542780208268
8.935,-0.03639482141637187
8.936,-0.043645825400249666
8.937,-0.03504521782373275
8.938,-0.045508655102923484
8.939,0.02429100813762964
8.94,-0.04294093101577537
8.941,-0.020261833932450617
8.942,0.017798504266859874
8.943,-0.02133177880124768
8.944,-0.01583832117271046
8.945,-0.022479894396896245
8.946,-0.03974137190686735
8.947000000000001,-0.032041603424985694
8.948,-0.01710429235361398
8.949,-0.033591692411999614
8.950000000000001,-0.007758285251417326
8.951,-0.016344205461795044
8.952,-0.020489499415353184
8.953,-0.0032287437909025913
8.954,0.015092618062198236
8.955,0.01087921523529549
8.956,-0.0021882497707322785
8.957,-0.039311856530524596
8.958,-0.038112709436765035
8.959,-0.005655379204188505
8.96,-0.00021991597079059743
8.961,-0.028063627278627767
8.962,0.0029160758847662617
8.963000000000001,-0.007742789827366802
8.964,-0.056968054299311933
8.965,0.004775045373486445
8.966,-0.002768764096490833
8.967,-0.01615245371907639
8.968,0.004904358578739937
8.969,-0.001697422825770829
8.97,-0.06086803492240143
8.971,-0.0071367715386118835
8.972,-0.02338528643580539
8.973,0.008033512324163598
8.974,-0.0235341507501873
8.975,-0.024364197605529256
8.976,-0.0555751037708914
8.977,-0.0019790803848461994
8.978,0.0050742498854540385
8.979000000000001,0.012476816254565306
8.98,-0.01159212402267884
8.981,0.005932621005836861
8.982,-0.014481680409712434
8.983,-0.02715822311309393
8.984,-0.028250651470022432
8.985,-0.04838597402114987
8.986,0.01379379861812501
8.987,-0.012386458766576989
8.988,0.03272845527322246
8.989,-0.024434853420239162
8.99,-0.004843583644147369
8.991,-0.0259176174254782
8.992,0.0037654950070426406
8.993,-0.008173319190137106
8.994,0.017981961278779244
8.995000000000001,-0.022464227539467745
8.996,-0.019326978288661003
8.997,0.005626395877289529
8.998,0.01271657030632429
8.999,-0.028710506878159694
9.0,0.00615694554308192
9.001,-0.016034756657850865
9.002,-0.008782828083435541
9.003,-0.028794668491704953
9.004,-0.017729132535158662
9.005,0.022287665864474015
9.006,-0.003647001362170752
9.007,-0.025116725681932107
9.008000000000001,0.0296018780472482
9.009,-0.02422652025004203
9.01,-0.014203795819176614
9.011000000000001,-0.01790241138887579
9.012,-0.005463988350899001
9.013,-0.00617234206467017
9.014,0.009728259518724934
9.015,-0.026866034811129747
9.016,-0.01694972142067159
9.017,-0.022155353994190677
9.018,-0.009116258297457085
9.019,0.0014243315446883411
9.02,-0.018047185795842767
9.021,-0.001908413900717595
9.022,-0.014448131925562838
9.023,-0.028082117712861468
9.024000000000001,0.011646640282861909
9.025,-0.0003011752482021909
9.026,0.016918767301492235
9.027000000000001,-0.012966571952515854
9.028,-0.03268041183347693
9.029,0.01246263016245772
9.03,0.00782526081912574
9.031,0.008265572353812865
9.032,-0.015676843510255695
9.033,0.01225123226667262
9.034,0.013289537704411034
9.035,-0.01414443226846999
9.036,0.02718023486076518
9.037,-0.02500593210163725
9.038,0.016259039026598556
9.039,-0.03362147376691348
9.040000000000001,0.014990956156612171
9.041,0.006274469566542738
9.042,0.001989854975129431
9.043000000000001,-0.010880083689553753
9.044,0.006160795432767784
9.045,0.013692050408931565
9.046,-0.0022531254961171837
9.047,0.015984088837291216
9.048,0.002873509771070006
9.049,0.008829080542671126
9.05,0.014667856040517645
9.051,-0.00837356896157734
9.052,0.04541400478816015
9.053,0.0040805148701842835
9.054,0.005617924254099258
9.055,-0.01789611637205989
9.056000000000001,0.03795921918962409
9.057,0.008970083172539106
9.058,0.019500947407325893
9.059000000000001,0.030472698658293423
9.06,0.02121538981199927
9.061,-0.01753758494989694
9.062,0.027251553743814307
9.063,0.016018620921341854
9.064,-0.017026375811133407
9.065,-0.00676640945493213
9.066,0.015149152454119671
9.067,-0.024631382432807762
9.068,-0.0036791130472400768
9.069,0.02276699117498616
9.07,-0.04297347002178063
9.071,0.009336932397712508
9.072000000000001,0.022914981944261885
9.073,0.0025991620854194453
9.074,0.00029963963591414945
9.075000000000001,0.011751507007555388
9.076,0.012028209626004583
9.077,-0.036184718537630084
9.078,-0.004777010969020453
9.079,0.016922993506008777
9.08,0.011282216780923612
9.081,-0.01660853364044887
9.082,-0.02325224380519194
9.083,0.030516177887769464
9.084,-0.014599701900563545
9.085,-0.019734743521695478
9.086,0.008865543287512925
9.087,-0.006217152002613864
9.088000000000001,-0.0128432323821523
9.089,-0.012737035824449813
9.09,-0.009485733751105747
9.091,0.0026173026175105385
9.092,0.014468651092397138
9.093,-0.018576940431057752
9.094,0.008048930536542584
9.095,0.04034998682482761
9.096,0.008895648376839293
9.097,0.00555563813042749
9.098,0.0008718865811850433
9.099,0.015647023722038834
9.1,0.013963813642536732
9.101,0.002067901772051953
9.102,-0.011557327852817083
9.103,0.002376655946426204
9.104000000000001,-0.006855830016038013
9.105,0.019655121855168847
9.106,0.000401282462775634
9.107,-0.004037651271241579
9.108,-0.036229485308490156
9.109,-0.01660240071610966
9.11,0.027073158630411456
9.111,0.020530841495143372
9.112,-0.002530581228063957
9.113,0.010202119163766643
9.114,0.01683959256659023
9.115,0.02355242253234257
9.116,-0.010146529812030408
9.117,-0.009524915050410093
9.118,0.010703217172724724
9.119,-0.020825210340590886
9.120000000000001,-0.002973203373714735
9.121,0.030937445981768508
9.122,-0.0035316659073151117
9.123,-0.012138516148279772
9.124,-0.008619743154280811
9.125,0.030047460815490805
9.126,0.026309181779622368
9.127,-0.007204267115460662
9.128,0.02838355615536439
9.129,-0.00369676050738698
9.13,0.004869215228903614
9.131,0.02160986682901283
9.132,-0.00825422941524355
9.133000000000001,0.001023824217588256
9.134,0.0025049804651416244
9.135,0.021009966265041417
9.136000000000001,0.036456037471120493
9.137,0.01577860466708543
9.138,0.020897953293012375
9.139,-0.0162359439092012
9.14,0.0318107582375997
9.141,-0.02502362615027117
9.142,-0.016131480591999706
9.143,0.020674622437048432
9.144,0.006276039765447997
9.145,0.005651141660266427
9.146,-0.02436420464269084
9.147,-0.017024467040895556
9.148,-0.016788358606194563
9.149000000000001,-0.0014515495636279862
9.15,0.040416595097996284
9.151,0.010083100447940963
9.152000000000001,-0.011607130536376596
9.153,-0.008402738950272973
9.154,0.005088399747005724
9.155,0.032616017389143395
9.156,0.03919237858757897
9.157,0.01995162258521248
9.158,0.012452780812125716
9.159,0.016968097835602818
9.16,0.006151937153561686
9.161,-0.021466059511595047
9.162,-0.04289466106387563
9.163,-0.009259213458374006
9.164,-0.006910930308800899
9.165000000000001,0.017724383739979754
9.166,-0.019777334091967323
9.167,0.018265363602901253
9.168000000000001,-0.03191848928264258
9.169,0.0005827173227502241
9.17,0.010500502616793137
9.171,0.01812370998517585
9.172,-0.003298318979208962
9.173,-0.044845999303783565
9.174,-0.013653255407569821
9.175,-0.004088803515089744
9.176,0.0025826408964417513
9.177,-0.009438662672790492
9.178,-0.02232317753877252
9.179,0.025319183177530485
9.18,-0.004217650582282302
9.181000000000001,0.015415616267981571
9.182,-0.027272145648746242
9.183,-0.014996041785812654
9.184000000000001,-0.0340932877530925
9.185,-0.021308297218886857
9.186,-0.0016347462292912313
9.187,-0.020155966952648995
9.188,-0.030626440681830642
9.189,-0.005035266121421607
9.19,0.007737077433539789
9.191,-0.017441870160276637
9.192,0.015044878738995926
9.193,0.005526678936206734
9.194,0.016336191115448914
9.195,-0.03194802457257416
9.196,0.0019679879820095683
9.197000000000001,0.022856847733471762
9.198,-0.00874174231923918
9.199,0.005228402574691178
9.200000000000001,0.025539178762179426
9.201,-0.014718674378652475
9.202,-0.03764064934122988
9.203,0.011491436353199581
9.204,-0.003822373663666053
9.205,0.04944033517141672
9.206,0.0002450090966352042
9.207,-0.0018019288334379432
9.208,-0.018761341604177657
9.209,-0.010330192311719156
9.21,-0.012200496836923569
9.211,0.007019533034018892
9.212,0.013193059592340373
9.213000000000001,-0.049182214944797645
9.214,0.0355279808630444
9.215,-0.015259138893335479
9.216000000000001,-0.02619635161692603
9.217,0.011451951215389888
9.218,-0.00015245362930120868
9.219,-0.04831959218450557
9.22,0.02715199620737787
9.221,0.020904539321017056
9.222,0.01893898089358312
9.223,-0.010788318969937687
9.224,0.00920178796742591
9.225,-0.023160762386446477
9.226,-0.021620210917733675
9.227,-0.004383734306845601
9.228,0.00935929379358975
9.229000000000001,0.021671776028701857
9.23,-0.012676074268304584
9.231,-0.02155450159146096
9.232,0.006377758491999474
9.233,0.021751421169935465
9.234,0.001114830804690244
9.235,0.00795277394861902
9.236,0.04113541102017989
9.237,0.01666966997265943
9.238,-0.006107950531561199
9.239,-0.002599003302431199
9.24,0.012544280013680412
9.241,-0.006965894845178403
9.242,0.01762670277991642
9.243,-0.021757762189162047
9.244,0.01243594043838836
9.245000000000001,0.00013845420087116138
9.246,0.008483463355097955
9.247,0.013437255163315197
9.248,-0.028377583624698693
9.249,0.006067491827759446
9.25,0.009915896975228048
9.251,-0.017781475998128193
9.252,0.036475434440167605
9.253,-0.03304870141166115
9.254,0.025719876683610324
9.255,-0.004253735526475297
9.256,-0.04048482188050087
9.257,0.020194847930892837
9.258000000000001,-0.025928746787516388
9.259,-0.008433075462514475
9.26,0.04115785145244909
9.261000000000001,-0.06904698893962051
9.262,-0.051788813954621565
9.263,-0.03587337709344935
9.264,-0.027800079345053172
9.265,-0.002869493586268904
9.266,0.003205482728735958
9.267,0.0070411882291497195
9.268,-0.006670232045758413
9.269,0.020641254309008178
9.27,-0.03265809789749926
9.271,-0.006443543503155546
9.272,0.02272917590997762
9.273,0.000691267801600429
9.274000000000001,-0.013655611519598222
9.275,-0.010553210246995747
9.276,-0.009477025173523359
9.277000000000001,0.02943663891353954
9.278,0.02862131871138248
9.279,-0.03142870185465719
9.28,-0.0005614764611432017
9.281,-0.0003674584412601753
9.282,0.0020185225086247725
9.283,-0.0006281679369686457
9.284,-0.001356452938363716
9.285,-0.022106459477854258
9.286,-0.019102161745569446
9.287,-0.009127322630159328
9.288,0.009770361751806698
9.289,-0.03722389292732656
9.290000000000001,-0.010176805351477818
9.291,0.011969251488138953
9.292,0.05717344583794945
9.293000000000001,-0.014488031006094654
9.294,0.032041011944470475
9.295,0.018172115691701442
9.296,0.028396999288951216
9.297,0.01791297586303786
9.298,0.008682115009166165
9.299,0.007621413813209904
9.3,0.016376751460570056
9.301,0.013441192574901126
9.302,-0.009059199752023068
9.303,0.02873261910749559
9.304,-0.012229478362535049
9.305,0.012849348309300575
9.306000000000001,-0.01967659470703044
9.307,0.0025209179156991685
9.308,-0.009830513843671361
9.309000000000001,0.01950263357610199
9.31,-0.012563247414680033
9.311,0.005100232565280858
9.312,0.01686164422810775
9.313,0.011191211925933314
9.314,-0.0076381286276996675
9.315,-0.01101737465790892
9.316,-0.0027630395285668553
9.317,-0.0004445926117319799
9.318,0.024101477247585105
9.319,-0.01045937482102243
9.32,0.001617063460341562
9.321,-0.0031402080644907914
9.322000000000001,-0.041928121124653106
9.323,-0.003021881702301353
9.324,-0.05418694472621828
9.325000000000001,-0.012714803414512255
9.326,0.0192145593994328
9.327,0.002655500956188564
9.328,-0.008138804135234285
9.329,-0.0007999967351355487
9.33,-0.015872033984089304
9.331,0.0009064945174619976
9.332,0.02258550359888424
9.333,0.01970160160808374
9.334,-0.018599361691458968
9.335,-0.03311417265170752
9.336,0.007406759448061501
9.337,0.015046883157055602
9.338000000000001,0.0006331673881477956
9.339,-0.02180091682256259
9.34,0.013376213949000758
9.341000000000001,0.014804645374676866
9.342,-0.008208334468900897
9.343,-0.014710720341449894
9.344,0.0229667040789188
9.345,-0.013839159614648173
9.346,-0.0401742519093842
9.347,-0.026629159415581007
9.348,0.008048417696458983
9.349,0.02718847543267023
9.35,0.0015121484462617112
9.351,0.02129355751507797
9.352,0.01882797681228105
9.353,0.0013910450212072864
9.354000000000001,0.010281685323831776
9.355,-0.014323339494398592
9.356,-0.004741957178909347
9.357,-0.0005357497630624399
9.358,0.015130767274958785
9.359,-0.008746211630326352
9.36,-0.01019002117279634
9.361,-0.018471739105286853
9.362,0.0032801873518796976
9.363,-0.009641299778979826
9.364,-0.0006145574941164786
9.365,0.011357012788272515
9.366,-0.0056016309406454745
9.367,0.032132952864955475
9.368,0.005236429660999017
9.369,-0.013109935478747016
9.370000000000001,-0.002637606938846843
9.371,0.014964351011090705
9.372,0.015861463415360003
9.373,0.00041215788526301547
9.374,0.019098478676998078
9.375,-0.0017453185073958
9.376,0.015935061346946406
9.377,-0.01622592583018287
9.378,-0.00429315480723361
9.379,0.01972285145899319
9.38,-0.022452615081092468
9.381,-0.026292240136948638
9.382,0.00918541934632763
9.383000000000001,0.00948344955983532
9.384,0.02702926890379721
9.385,-0.00934302175121102
9.386000000000001,0.019528704033282246
9.387,-0.0217084758392838
9.388,-0.005086625716011119
9.389,0.008923640184527258
9.39,0.026953317910819077
9.391,-0.0033382638747595254
9.392,0.011839976974125945
9.393,0.019236767447652018
9.394,0.03922884992462024
9.395,-0.02190287699758343
9.396,0.022254945192407255
9.397,-0.009777313951608378
9.398,0.030311579423798286
9.399000000000001,0.009247638105686285
9.4,-0.005380497429381765
9.401,-0.009568887484753593
9.402000000000001,0.0077748948987378
9.403,0.014801322904659766
9.404,0.013099919473908617
9.405,0.029743310278916003
9.406,-0.0016427423159388072
9.407,-0.03691476531618233
9.408,-0.012877292231301785
9.409,0.023087164342956334
9.41,-0.005423210627470572
9.411,0.013511042579582907
9.412,-0.02896971074374631
9.413,0.021233896190572088
9.414,-0.00893662941243795
9.415000000000001,0.016006537154220065
9.416,0.021439533109085467
9.417,-0.015085552979812771
9.418000000000001,0.010827264120181696
9.419,-0.014634234527961969
9.42,0.02861452065633978
9.421,0.01208014410780714
9.422,-0.01837318535187981
9.423,0.013612865067411106
9.424,0.02804153827669953
9.425,-0.0038719876177404156
9.426,-0.02701010481347576
9.427,-0.0001355170941944395
9.428,-0.028696883980983953
9.429,0.029194289732472845
9.43,-0.005836493203969647
9.431000000000001,-0.010551685465957222
9.432,0.03609560759224036
9.433,-0.015507393627540084
9.434000000000001,0.029364282557726842
9.435,-0.0032441441617393684
9.436,0.015116227658031244
9.437,-0.0008897908112766211
9.438,0.021355919440416548
9.439,0.003895426965455492
9.44,0.017879563031403284
9.441,-0.04566804055210645
9.442,0.03588514729897551
9.443,-0.0039459599349521415
9.444,0.001826288867797613
9.445,0.00369474651154942
9.446,0.018895698631318802
9.447000000000001,0.0037977085880505413
9.448,-0.011880992817386605
9.449,-0.01848670380345821
9.450000000000001,0.004463202474811096
9.451,-0.04292210491084775
9.452,0.014518730316662546
9.453,-0.014484458256740019
9.454,-0.0021229030242079657
9.455,-0.006964371489452479
9.456,-0.043669058935245315
9.457,0.0006718835964155006
9.458,-0.01151616627654555
9.459,-0.04722941178659904
9.46,-0.0043479766238503385
9.461,-0.008555544382813213
9.462,-0.013999422211549652
9.463000000000001,-0.022668539319461115
9.464,-0.019360496790708795
9.465,-0.01905700685537122
9.466000000000001,0.061543064974593074
9.467,0.009733051123133506
9.468,0.020221422766320434
9.469,0.023013142412480092
9.47,-0.061174851808316465
9.471,0.017875113067084558
9.472,0.009769321572162792
9.473,-0.013066791283481764
9.474,-0.03353457018442783
9.475,-0.012647773281672667
9.476,0.01440830036223631
9.477,0.04487120317271775
9.478,-0.013590884165057047
9.479000000000001,0.008919249658301646
9.48,-0.016333819067129933
9.481,-0.011836484249786412
9.482,-0.004990328669698507
9.483,0.03128281577024041
9.484,-0.011627950513997964
9.485,0.002986976151354316
9.486,9.506176149882127e-05
9.487,-0.014369096837084197
9.488,-0.02290643272469579
9.489,-0.00840986752647277
9.49,-0.030700494711937712
9.491,0.008328486134910473
9.492,-0.010080869031663126
9.493,-0.0023972945650709127
9.494,0.04238745596339898
9.495000000000001,0.02685667671728024
9.496,-0.027068928676520287
9.497,0.016934819101156823
9.498,0.05794763750247248
9.499,-0.007017734936378964
9.5,-0.03137583681412287
9.501,-0.0003069338096718772
9.502,-0.015160524080489
9.503,-0.007126312168292162
9.504,-0.026008602429741078
9.505,-0.027806855960500275
9.506,-0.0004058470766063125
9.507,0.0018575446635819472
9.508000000000001,-0.002209853086182364
9.509,-0.01235393469419419
9.51,-0.003426023833342124
9.511000000000001,-0.03260515157977458
9.512,-0.029225149590622418
9.513,-0.0008294401102532576
9.514,-0.0037006813539757818
9.515,-0.00019234107392132518
9.516,-0.04183459023740978
9.517,0.005686608762622412
9.518,0.00609829133996741
9.519,0.010713823753289633
9.52,0.005940243800123843
9.521,-0.012843841891844888
9.522,-0.02337412879274704
9.523,-0.030856928529934585
9.524000000000001,-0.023473733325925693
9.525,0.014646855571545707
9.526,-0.01876569795194777
9.527000000000001,0.007682804655832645
9.528,-0.009612705745573874
9.529,0.013887164941520123
9.53,-0.04596900028548378
9.531,-0.032697079016550085
9.532,0.001162259256440882
9.533,-0.02494684949793194
9.534,-0.030298229492766976
9.535,-0.014641800266524813
9.536,-0.01182704579954115
9.537,-0.014321369791961101
9.538,-0.026762919481583165
9.539,-0.012288127595495316
9.540000000000001,-0.026292907628434697
9.541,-0.032490751803613035
9.542,-0.04730014996362144
9.543000000000001,-0.010072693993749389
9.544,0.012295090506338955
9.545,-0.006699603936503613
9.546,-0.016113945306103137
9.547,-0.027157927377062734
9.548,-0.010687612003280424
9.549,-0.0206059119509749
9.55,0.016208995776798105
9.551,-0.017007691829262924
9.552,-0.0007244185512669012
9.553,-0.008703616297138986
9.554,0.017244582497810742
9.555,-0.008988284712833538
9.556000000000001,-0.024171259131195798
9.557,-0.006979792988996253
9.558,-0.04164002873787139
9.559000000000001,-0.014981523760313184
9.56,-0.01677300868402109
9.561,-0.01876820291727127
9.562,-0.03497705278542805
9.563,-0.014910096203396409
9.564,0.017375346276763473
9.565,-0.0002934279268892335
9.566,-0.03382054496360645
9.567,-0.042045457331896054
9.568,0.0036282153251264862
9.569,-0.002289426522079382
9.57,-0.052992295242782
9.571,-0.027206251600472502
9.572000000000001,-0.016534385801736037
9.573,0.0027210650304658798
9.574,-0.03894673753901686
9.575000000000001,-0.03900620426551948
9.576,0.0009473791862238852
9.577,-0.030827987571481096
9.578,-0.0095255656158643
9.579,0.0033696121234861797
9.58,-0.04557645170087234
9.581,-0.020352663621202305
9.582,0.010655661741299728
9.583,0.013115149746824355
9.584,0.02031757801839114
9.585,-0.028297567733411806
9.586,-0.006463462783963916
9.587,-0.057228674593929885
9.588000000000001,-0.047450722687749136
9.589,-0.010433992103379404
9.59,-0.020759420552957646
9.591000000000001,-0.017569336915960576
9.592,-0.01990957946965944
9.593,-0.013265717031744955
9.594,0.013261690680326062
9.595,-0.03440815006776006
9.596,-0.019248155937840673
9.597,0.00540527558532919
9.598,-0.02964204403378422
9.599,-0.018165588943262655
9.6,-0.026943854079805055
9.601,-0.017280290821228745
9.602,-0.03512858454679826
9.603,-0.01946969911800948
9.604000000000001,0.015056109576266128
9.605,-0.00013963753432688283
9.606,0.015856251679351643
9.607,-0.0005443541091514955
9.608,0.004200115436196748
9.609,-0.015653617006445457
9.61,-0.014727681177587717
9.611,-0.030581473169817238
9.612,-0.007299555563202949
9.613,-0.06181565739817209
9.614,0.0015213209694251856
9.615,-0.0212699957303831
9.616,0.0009619485027004427
9.617,0.0013967268869984261
9.618,0.017149501708771345
9.619,-0.01729043303905562
9.620000000000001,-0.013029732616292714
9.621,-0.010106734333677312
9.622,-0.03087321440115336
9.623,0.021497241528290814
9.624,0.0007925238842690467
9.625,-0.02350862365890155
9.626,-0.008730325593753457
9.627,-0.01603600460146346
9.628,0.0008951052786234344
9.629,0.006810333556451435
9.63,-0.0046418254225643295
9.631,0.0013353809856792038
9.632,-0.005938303578406539
9.633000000000001,-0.008209818487803871
9.634,-0.007544956264007073
9.635,-0.016426600177014403
9.636000000000001,-0.037527511157744435
9.637,-0.024905132368409806
9.638,0.016841503581002122
9.639,-0.017953519147813825
9.64,0.00838342262696503
9.641,-0.015497926990194592
9.642,-0.013319231424229852
9.643,0.00872708147463717
9.644,0.002814499696790866
9.645,-0.008154731038132619
9.646,0.015405114210951651
9.647,-0.021258654811196494
9.648,-0.022086624933123453
9.649000000000001,0.002234915576058044
9.65,-0.010550609316232031
9.651,-0.007908251143783164
9.652000000000001,-0.030043190043682434
9.653,-0.010227280773758854
9.654,-0.02200296032236549
9.655,0.01633337088674059
9.656,-0.03167569527666754
9.657,-0.019739319276993517
9.658,-0.023006092318394046
9.659,-0.00536236455402009
9.66,-0.0004316064790075534
9.661,-0.01475048761122175
9.662,0.013561971703680628
9.663,0.013711698825072961
9.664,0.001864980980430836
9.665000000000001,-0.022034639306596673
9.666,-0.033647063948208704
9.667,0.02123025755734905
9.668000000000001,-0.0017953404308773757
9.669,-0.007840135650944864
9.67,-0.010798092127873589
9.671,-0.03154333360895864
9.672,-0.0061347034407387615
9.673,-0.03074308387657184
9.674,-0.03994497250120585
9.675,0.001889799496093877
9.676,0.002564178330535823
9.677,-0.023871239542076348
9.678,0.0077388431998902125
9.679,-0.03390275632704438
9.68,-0.016967084589633266
9.681000000000001,-0.03606466723926865
9.682,0.0019165241114574051
9.683,-0.015830344007527655
9.684000000000001,0.01401151810668975
9.685,-0.008620123725203252
9.686,-0.0051764785893759855
9.687,-0.004926760588897818
9.688,-0.03506699846610369
9.689,-0.010976237333669632
9.69,-0.022798275201662867
9.691,-0.030307841800071234
9.692,-0.02513344837756918
9.693,-0.032666339010226204
9.694,-0.039343040592807216
9.695,0.008511207409839561
9.696,0.006701521871481101
9.697000000000001,-0.0016918137255932091
9.698,0.009141320135532592
9.699,-0.012233375354251596
9.700000000000001,-0.02898299635756476
9.701,-0.011223560667678625
9.702,-0.047835923757643284
9.703,-0.025924033409736265
9.704,-0.007147137112920785
9.705,0.008010067430332368
9.706,-0.028562861820418298
9.707,-0.014937667800648508
9.708,-0.036105573125099655
9.709,0.0011103642302573175
9.71,-0.026791768949442882
9.711,-0.009932092471559364
9.712,0.012321514663853084
9.713000000000001,-0.02576954512491076
9.714,-0.0349813502966997
9.715,-0.05739815635089153
9.716000000000001,2.49346428989293e-05
9.717,-0.013765848562978952
9.718,0.002644600332968058
9.719,7.42291189894731e-05
9.72,-0.002012191602321401
9.721,0.0007450046261894411
9.722,-0.007358460420220522
9.723,-0.0296147221438565
9.724,0.030224726543439336
9.725,0.005968442074275321
9.726,0.015401354803357777
9.727,-0.0062982675591452255
9.728,-0.023470963856205358
9.729000000000001,-0.007168643548599006
9.73,-0.016646959563630596
9.731,0.030198000098384227
9.732,-0.001612814858238323
9.733,0.0018516768289956933
9.734,-0.0016764695502882905
9.735,0.003652569043832798
9.736,-0.04540377049952901
9.737,-0.025445686948310772
9.738,-0.021245813797072702
9.739,-0.004722654096564971
9.74,0.01292530373257358
9.741,-0.027143906155051748
9.742,-0.004091863809545077
9.743,-0.008210497499332762
9.744,-0.009277579288728542
9.745000000000001,-0.011499450817288287
9.746,-0.003977059448298292
9.747,-0.04354757490341045
9.748,-0.013356294652760947
9.749,-0.029296610584653163
9.75,-0.026252973175965113
9.751,-0.012246517393004934
9.752,0.022242863950950875
9.753,0.0013449082666450608
9.754,0.0031723317696552202
9.755,0.006087448365529024
9.756,-0.004836228260855745
9.757,-0.006922591106974315
9.758000000000001,-0.0352837438314481
9.759,-0.04833232517672675
9.76,0.0038558669976356975
9.761000000000001,-0.04037067821512359
9.762,-0.016388639224013735
9.763,-0.007943360600181693
9.764,-0.028199383664536552
9.765,0.0020346248736166413
9.766,-0.016191606256820232
9.767,-0.021111487171579048
9.768,0.019032479462169925
9.769,-0.015961872301060952
9.77,0.014391519369920941
9.771,0.005065539987021937
9.772,-0.02957522312261535
9.773,-0.04348252385367646
9.774000000000001,-0.05569731616736744
9.775,-0.06042887371370926
9.776,0.01778974531662203
9.777000000000001,-0.022006044944109834
9.778,-0.028658986801820673
9.779,0.008962072433107239
9.78,0.03697354231704884
9.781,-0.03253073075482168
9.782,-0.010580565038515
9.783,-0.017549580190530663
9.784,-0.018339080833690444
9.785,-0.00527679717947092
9.786,0.001987757458316034
9.787,-0.01977791515713222
9.788,0.02533400896195121
9.789,-0.013297310186093318
9.790000000000001,-0.013134552002797738
9.791,-0.018625998412443407
9.792,-0.005425731596676938
9.793000000000001,0.009648357930287925
9.794,-0.009389211796725305
9.795,0.003602044259074391
9.796,-0.03506234074497797
9.797,-0.012343541932872662
9.798,-0.0065870862018871795
9.799,-0.00885400226399726
9.8,-0.057420486670789306
9.801,-0.013093795644289417
9.802,0.01304766787540405
9.803,-0.009363073502841374
9.804,-0.03490408277909443
9.805,-0.02144775234306223
9.806000000000001,-0.03284739320511278
9.807,0.028304161226525508
9.808,0.0008923287025093159
9.809000000000001,-0.02168578853192253
9.81,-0.00677675139804604
9.811,-0.022017527735744488
9.812,-0.014724587707327569
9.813,-0.007682473797573915
9.814,-0.01585830177387547
9.815,-0.0034529235030524644
9.816,0.006884368000820552
9.817,-0.004872516011685795
9.818,-0.016657064238976033
9.819,-0.00899351699358703
9.82,-0.020139870507667832
9.821,0.01344644312780895
9.822000000000001,-0.016843402003335114
9.823,-0.022032822571164564
9.824,-0.037673220668974786
9.825000000000001,-0.04330418939037886
9.826,0.0036622032364812263
9.827,0.02215713343019056
9.828,0.008005379765625193
9.829,-0.01335541902653452
9.83,0.014292391640030844
9.831,-0.03664514924028372
9.832,0.009006042229032068
9.833,-0.012064381895335846
9.834,0.0018144071372623374
9.835,-0.010901542162752563
9.836,-0.022205339343991284
9.837,-0.036309295357108
9.838000000000001,0.02954532991460232
9.839,-0.01912127757372347
9.84,-0.027368507268867193
9.841000000000001,-0.010538975386597552
9.842,-0.0038603065009756464
9.843,-0.005316886333961949
9.844,0.03224107512757797
9.845,-0.01748975596913032
9.846,-0.008141627351867919
9.847,-0.015890385869010634
9.848,-0.0005111774256902346
9.849,-0.03023677532975701
9.85,0.03660762288191981
9.851,-0.003998268281965213
9.852,-0.017465307828006045
9.853,0.021972328214355165
9.854000000000001,0.030119799937695556
9.855,-0.06832311473788266
9.856,0.0051904468643861855
9.857,0.010793753495965104
9.858,-0.006647165536059077
9.859,-0.01259652647426203
9.86,0.009389360391329805
9.861,-0.01757445671473956
9.862,-0.0017965083579067854
9.863,-0.026360509815010175
9.864,-0.028179723519156378
9.865,-0.01460627352394434
9.866,-0.0014251929106795956
9.867,-0.038446594681245505
9.868,0.01758903977457739
9.869,-0.03262409056638864
9.870000000000001,-0.03577549582487427
9.871,-0.005089450815795857
9.872,-0.038078326079920115
9.873,-0.009298821198322814
9.874,-0.025929548966762805
9.875,-0.045237843195524166
9.876,-0.010428001139857545
9.877,-0.017999305475041624
9.878,-0.006635849090443024
9.879,0.016590951321453686
9.88,-0.0023236964003623788
9.881,0.012866135783121752
9.882,-0.013940679957065771
9.883000000000001,0.002037572883985362
9.884,0.01053844233607008
9.885,0.002560494808426038
9.886000000000001,0.0024183251202705824
9.887,-0.00913505442091472
9.888,-0.03051807394480177
9.889,-0.01971473490672178
9.89,-0.03940030257031278
9.891,-0.0006109324487217852
9.892,-0.05105331900117173
9.893,-0.027926106420873183
9.894,0.001087582745815969
9.895,-0.00639342968349502
9.896,-0.029566168366381654
9.897,0.02006451089568725
9.898,-0.013960488577942876
9.899000000000001,-0.012430777566242932
9.9,0.008752083826874774
9.901,-0.023514981661001515
9.902000000000001,-0.02041308608585632
9.903,-0.027911729416974153
9.904,-0.029268936524693704
9.905,0.024459703436852467
9.906,-0.03642550673281116
9.907,0.01346214123720996
9.908,-0.045459269628612395
9.909,-0.015606508556766593
9.91,-0.01033928953677943
9.911,-0.05213218078855336
9.912,-0.019034519984098313
9.913,-0.015517312388591498
9.914,-0.04230268166582745
9.915000000000001,-0.02136210905833681
9.916,-0.04675482659521393
9.917,-0.003576574296575481
9.918000000000001,-0.012916266264471463
9.919,0.018451674254734714
9.92,-0.02233985158124588
9.921,0.0009262672942245828
9.922,-0.03964808483551018
9.923,-0.03884059215977789
9.924,-0.03087612347206996
9.925,-0.028584127801634614
9.926,-0.011276829624195012
9.927,0.039947269519804374
9.928,-0.025492859355325123
9.929,-0.0397603817941792
9.93,0.005625157872002214
9.931000000000001,0.006402111634462675
9.932,-0.035625601126976617
9.933,0.0005908879511982114
9.934000000000001,-0.011918648865318357
9.935,-0.048343982069526635
9.936,-0.027552445941340667
9.937,-0.027982557300208814
9.938,-0.021492998661446265
9.939,0.00907830888948737
9.94,-0.014850275055986987
9.941,-0.027282266853674568
9.942,-0.024003595135770862
9.943,-0.008242388283438921
9.944,0.00789808696836364
9.945,0.04032612332349424
9.946,-0.027652521178829274
9.947000000000001,0.0031271291246217675
9.948,-0.00028249268992727077
9.949,-0.01954124079711743
9.950000000000001,-0.001448448589239279
9.951,0.0004855606010883639
9.952,-0.040594593271401504
9.953,-0.009723407779579593
9.954,-0.033490644888750525
9.955,-0.018511161335477293
9.956,0.017118990887356356
9.957,-0.00274214405013603
9.958,-0.02653996123420528
9.959,0.01313413538671256
9.96,-0.001682919536867521
9.961,-0.02727543140874513
9.962,-0.00701780629002201
9.963000000000001,0.02124949650724664
9.964,0.008322763605085498
9.965,0.03410418785265462
9.966000000000001,0.04165397772846342
9.967,-0.0002344287754524432
9.968,-0.002261784488121326
9.969,-0.034481668909780286
9.97,0.009020440759963479
9.971,-0.02044002501274978
9.972,0.017177576384068485
9.973,-0.012903275849283675
9.974,0.019183242895939343
9.975,0.0006877311243106352
9.976,-0.014017381619609937
9.977,-0.00022997662190596944
9.978,0.02554951351187906
9.979000000000001,-0.03654791160461925
9.98,-0.005185406854910616
9.981,-0.007008554004984572
9.982000000000001,-0.004161859139341563
9.983,-0.005140998102740577
9.984,-0.005896558336263414
9.985,-0.008564444752697565
9.986,-0.02157664604226388
9.987,0.0009906454366240595
9.988,-0.017581535156548662
9.989,0.0009132018545253466
9.99,-0.026853157434061244
9.991,-0.00766761169840809
9.992,-0.013218193423212607
9.993,-0.011350871073065927
9.994,-0.0014363633574840467
9.995000000000001,0.002920407675655746
9.996,-0.018501566460477178
9.997,-0.01586643323532192
9.998,0.021171663298169947
9.999,0.0017432725076904567
